model,model_config_id,fold,asset,regime_dimension,stressed_regime_value,reference_regime_value,stressed_n,reference_n,stressed_status,reference_status,contrast_status,headline_reportable,stressed_mae,reference_mae,stressed_rmse,reference_rmse,stressed_directional_accuracy,reference_directional_accuracy,stressed_mae_skill,reference_mae_skill,mae_skill_degradation,mae_raw_degradation,rmse_raw_degradation,da_degradation,directional_stability_loss,lstm_reportable_seed_count,lstm_seed_mae_skill_degradations,lstm_seed_signs,lstm_seed_sign_disagreement
lightgbm,LGBM_01,D1,AAPL,trend,negative_trend,positive_trend,64,189,reportable,reportable,reportable,True,0.028527885427459085,0.017642300909933462,0.041452237227416623,0.023907831953691353,0.46875,0.55555555555555558,-7.280603827664045e-05,0.0045243877858491821,-0.0045971938241258226,0.010885584517525623,0.017544405273725271,-0.08680555555555558,0.08680555555555558,,,,
lightgbm,LGBM_01,D1,AAPL,volatility,high_volatility,low_volatility,220,33,reportable,reportable,reportable,True,0.021081570057765668,0.015825276564435137,0.030292125605946491,0.022105158429583553,0.52727272727272723,0.5757575757575758,0.0023995022943906763,0.0073488151391147838,-0.0049493128447241075,0.0052562934933305314,0.008186967176362938,-0.048484848484848575,0.048484848484848575,,,,
lightgbm,LGBM_01,D1,AAPL,transition,transition,stable,91,162,reportable,reportable,reportable,True,0.027068910409513196,0.016647584518945092,0.038058550532695669,0.02306601365702067,0.47252747252747251,0.5679012345679012,5.2847617130757918e-05,0.0054913917980973226,-0.0054385441809665647,0.010421325890568104,0.014992536875674999,-0.095373762040428689,0.095373762040428689,,,,
lightgbm,LGBM_01,D1,MSFT,trend,negative_trend,positive_trend,64,189,reportable,reportable,reportable,True,0.030126601548763891,0.014710005470494891,0.043151705868190907,0.019634119515260898,0.53125,0.544973544973545,0.0017534227699107507,0.00058505740349201751,0.0011683653664187332,0.015416596078269,0.023517586352930008,-0.013723544973544999,0.013723544973544999,,,,
lightgbm,LGBM_01,D1,MSFT,volatility,high_volatility,low_volatility,220,33,reportable,reportable,reportable,True,0.019573143505550627,0.012187938237069228,0.028875060653778813,0.016145642641129242,0.53181818181818186,0.60606060606060608,-0.0011104739618221782,0.023764350877678586,-0.024874824839500764,0.0073852052684813992,0.012729418012649572,-0.074242424242424221,0.074242424242424221,,,,
lightgbm,LGBM_01,D1,MSFT,transition,transition,stable,91,162,reportable,reportable,reportable,True,0.026582391253483301,0.014131456351712614,0.038393247587572586,0.018904231323920946,0.53846153846153844,0.54320987654320985,0.0090134903987940662,-0.0074759598122811077,0.016489450211075174,0.012450934901770686,0.01948901626365164,-0.0047483380816714105,0.0047483380816714105,,,,
lightgbm,LGBM_01,D1,GOOGL,trend,negative_trend,positive_trend,64,189,reportable,reportable,reportable,True,0.025736183888316732,0.013560522351218761,0.03656137423143109,0.018161720487951265,0.5625,0.51322751322751325,0.018862118701752029,0.0011762633813554579,0.017685855320396571,0.012175661537097971,0.018399653743479825,0.049272486772486745,-0.049272486772486745,,,,
lightgbm,LGBM_01,D1,GOOGL,volatility,high_volatility,low_volatility,220,33,reportable,reportable,reportable,True,0.017271253000159754,0.012435722218105167,0.02514385814578619,0.016334828155409271,0.52727272727272723,0.51515151515151514,0.008780926706425829,0.002487513963142729,0.0062934127432831,0.0048355307820545871,0.0088090299903769188,0.012121212121212088,-0.012121212121212088,,,,
lightgbm,LGBM_01,D1,GOOGL,transition,transition,stable,91,162,reportable,reportable,reportable,True,0.022219716993460942,0.013506544733504143,0.031713150527530494,0.018653996081343535,0.53846153846153844,0.51851851851851849,0.015600911628818492,0.00120451390496501,0.014396397723853482,0.0087131722599567991,0.013059154446186959,0.019943019943019946,-0.019943019943019946,,,,
lightgbm,LGBM_01,D1,NVDA,trend,negative_trend,positive_trend,64,189,reportable,reportable,reportable,True,0.04130542720387579,0.020397673589442503,0.055421625953526135,0.027279149879559372,0.546875,0.59788359788359791,0.00701584629641272,0.014419137159380258,-0.0074032908629675376,0.020907753614433287,0.028142476073966763,-0.051008597883597906,0.051008597883597906,,,,
lightgbm,LGBM_01,D1,NVDA,volatility,high_volatility,low_volatility,220,33,reportable,reportable,reportable,True,0.027121285959666973,0.016121961767453064,0.037952244248819711,0.024828093660606784,0.57727272727272727,0.63636363636363635,0.0097882330592052869,0.029370232807399255,-0.019581999748193968,0.010999324192213909,0.013124150588212927,-0.059090909090909083,0.059090909090909083,,,,
lightgbm,LGBM_01,D1,NVDA,transition,transition,stable,91,162,reportable,reportable,reportable,True,0.037429584967163837,0.019090218626177626,0.050146073568402547,0.025866841367787212,0.59340659340659341,0.58024691358024694,0.012540320853422493,0.010185245271233656,0.0023550755821888369,0.018339366340986211,0.024279232200615335,0.013159679826346471,-0.013159679826346471,,,,
lightgbm,LGBM_02,D2,AAPL,trend,negative_trend,positive_trend,2,250,descriptive_low_n,reportable,descriptive_low_n,False,0.0075124036023625001,0.012246342333264859,0.007516789113905931,0.015937809717635365,0.5,0.52800000000000002,0.17934904849966316,-0.0044522881183071128,0.18380133661797027,-0.0047339387309023586,-0.008421020603729434,-0.028000000000000025,0.028000000000000025,,,,
lightgbm,LGBM_02,D2,AAPL,volatility,high_volatility,low_volatility,144,108,reportable,reportable,reportable,True,0.012638407424019404,0.011635923346871717,0.01638876516357993,0.015196020156829226,0.4861111111111111,0.58333333333333337,-0.019113727721134621,0.018622191883660322,-0.037735919604794943,0.0010024840771476872,0.0011927450067507044,-0.097222222222222265,0.097222222222222265,,,,
lightgbm,LGBM_02,D2,AAPL,transition,transition,stable,52,200,reportable,reportable,reportable,True,0.013208104218981291,0.011948944855669563,0.016796847069283506,0.015643765079045267,0.51923076923076927,0.53000000000000003,0.022804405272279893,-0.011134081582724775,0.033938486855004668,0.0012591593633117289,0.0011530819902382389,-0.010769230769230753,0.010769230769230753,,,,
lightgbm,LGBM_02,D2,MSFT,trend,negative_trend,positive_trend,2,250,descriptive_low_n,reportable,descriptive_low_n,False,0.013927463115701158,0.010168654621806569,0.014109154386211416,0.013204576563494512,0.5,0.50800000000000001,0.11300576916061356,-0.0080628706745753398,0.1210686398351889,0.0037588084938945891,0.00090457782271690344,-0.0080000000000000071,0.0080000000000000071,,,,
lightgbm,LGBM_02,D2,MSFT,volatility,high_volatility,low_volatility,144,108,reportable,reportable,reportable,True,0.010650702241858575,0.0095955320264389816,0.013701472741270869,0.012529659579039839,0.51388888888888884,0.5,0.0045985173548014346,-0.023576252667847131,0.028174770022648565,0.001055170215419593,0.0011718131622310297,0.01388888888888884,-0.01388888888888884,,,,
lightgbm,LGBM_02,D2,MSFT,transition,transition,stable,52,200,reportable,reportable,reportable,True,0.011614449878502804,0.0098303359400044935,0.014963145857488458,0.012717265599325272,0.61538461538461542,0.47999999999999998,0.039621176665848634,-0.021669926057147793,0.061291102722996427,0.0017841139384983107,0.0022458802581631857,0.13538461538461544,-0.13538461538461544,,,,
lightgbm,LGBM_02,D2,GOOGL,trend,negative_trend,positive_trend,2,250,descriptive_low_n,reportable,descriptive_low_n,False,0.012276690440295201,0.010894274319704529,0.013150157849842546,0.015227652679690944,1,0.56799999999999995,0.048229151899349731,0.013486144883062767,0.034743007016286964,0.001382416120590672,-0.0020774948298483975,0.43200000000000005,-0.43200000000000005,,,,
lightgbm,LGBM_02,D2,GOOGL,volatility,high_volatility,low_volatility,144,108,reportable,reportable,reportable,True,0.011224211867860589,0.010479957887359235,0.015832227069793713,0.014344068725753466,0.59027777777777779,0.54629629629629628,0.01977543830884565,0.0051587693290164882,0.014616668979829162,0.000744253980501354,0.0014881583440402475,0.04398148148148151,-0.04398148148148151,,,,
lightgbm,LGBM_02,D2,GOOGL,transition,transition,stable,52,200,reportable,reportable,reportable,True,0.011306847992325538,0.010800829326028971,0.015833765940222361,0.015046491510662788,0.61538461538461542,0.56000000000000005,0.027166357702024468,0.010108081932103441,0.017058275769921027,0.00050601866629656697,0.00078727442955957294,0.055384615384615365,-0.055384615384615365,,,,
lightgbm,LGBM_02,D2,NVDA,trend,negative_trend,positive_trend,2,250,descriptive_low_n,reportable,descriptive_low_n,False,0.022306732459207102,0.021584737776100732,0.02458026414208345,0.028562481697937337,1,0.49199999999999999,0.083392165235045779,-0.012844381337013377,0.096236546572059156,0.00072199468310637019,-0.0039822175558538869,0.50800000000000001,-0.50800000000000001,,,,
lightgbm,LGBM_02,D2,NVDA,volatility,high_volatility,low_volatility,144,108,reportable,reportable,reportable,True,0.022100361048402215,0.020910610351608124,0.02900244085103261,0.027894947124932404,0.54166666666666663,0.43518518518518517,0.0080391634443383042,-0.04158525846859229,0.049624421912930594,0.001189750696794091,0.0011074937261002053,0.10648148148148145,-0.10648148148148145,,,,
lightgbm,LGBM_02,D2,NVDA,transition,transition,stable,52,200,reportable,reportable,reportable,True,0.024235537484896652,0.020902749798644857,0.031506270309815537,0.027707821583211122,0.48076923076923078,0.5,-0.0073845591989396553,-0.013364627451677213,0.0059800682527375582,0.0033327876862517952,0.0037984487266044149,-0.019230769230769218,0.019230769230769218,,,,
lightgbm,LGBM_01,D3,AAPL,trend,negative_trend,positive_trend,196,55,reportable,reportable,reportable,True,0.018675547010290887,0.01646340375901308,0.023691827054823603,0.020881781529747075,0.50510204081632648,0.43636363636363634,-0.037259836187532036,-0.093001587410868503,0.055741751223336466,0.0022121432512778073,0.002810045525076528,0.068738404452690138,-0.068738404452690138,,,,
lightgbm,LGBM_01,D3,AAPL,volatility,high_volatility,low_volatility,251,0,reportable,descriptive_low_n,descriptive_low_n,False,0.018190814425349536,,0.023105337093600468,,0.49003984063745021,,-0.047857706029938329,,,,,,,,,,
lightgbm,LGBM_01,D3,AAPL,transition,transition,stable,57,194,reportable,reportable,reportable,True,0.019454877980934603,0.017819414308502372,0.025119309995142888,0.022479333266932359,0.50877192982456143,0.4845360824742268,-0.06839543729612596,-0.04143584100034392,-0.02695959629578204,0.0016354636724322316,0.0026399767282105288,0.024235847350334627,-0.024235847350334627,,,,
lightgbm,LGBM_01,D3,MSFT,trend,negative_trend,positive_trend,196,55,reportable,reportable,reportable,True,0.018418899370234852,0.013518374408754048,0.023336608761441707,0.018442249395620901,0.48979591836734693,0.36363636363636365,-0.0031012326899901854,-0.040164252797498801,0.037063020107508615,0.0049005249614808045,0.0048943593658208051,0.12615955473098328,-0.12615955473098328,,,,
lightgbm,LGBM_01,D3,MSFT,volatility,high_volatility,low_volatility,251,0,reportable,descriptive_low_n,descriptive_low_n,False,0.017345079159551812,,0.022356000773373349,,0.46215139442231074,,-0.0092426929652009715,,,,,,,,,,
lightgbm,LGBM_01,D3,MSFT,transition,transition,stable,57,194,reportable,reportable,reportable,True,0.018322554098982608,0.017057882914461316,0.022986211907754139,0.022167430478168524,0.49122807017543857,0.45360824742268041,-0.0066606007596270445,-0.010060347796033486,0.0033997470364064419,0.0012646711845212925,0.00081878142958561467,0.037619822752758159,-0.037619822752758159,,,,
lightgbm,LGBM_01,D3,GOOGL,trend,negative_trend,positive_trend,196,55,reportable,reportable,reportable,True,0.020184761714793151,0.014753151449703461,0.025638269492279819,0.02056721452529988,0.46938775510204084,0.36363636363636365,-0.0058036097472811132,-0.047248324280057874,0.041444714532776761,0.0054316102650896897,0.005071054966979939,0.10575139146567719,-0.10575139146567719,,,,
lightgbm,LGBM_01,D3,GOOGL,volatility,high_volatility,low_volatility,251,0,reportable,descriptive_low_n,descriptive_low_n,False,0.018994568230410951,,0.024616618645226438,,0.44621513944223107,,-0.012624044468728002,,,,,,,,,,
lightgbm,LGBM_01,D3,GOOGL,transition,transition,stable,57,194,reportable,reportable,reportable,True,0.01816396682207945,0.019238610912240307,0.022941017099847069,0.025087672164290923,0.45614035087719296,0.44329896907216493,-0.010048087824661156,-0.013340950453721412,0.0032928626290602558,-0.0010746440901608575,-0.0021466550644438538,0.012841381805028029,-0.012841381805028029,,,,
lightgbm,LGBM_01,D3,NVDA,trend,negative_trend,positive_trend,196,55,reportable,reportable,reportable,True,0.03273141807448321,0.029801011106664336,0.040480351277148302,0.038205407142820752,0.50510204081632648,0.41818181818181815,0.0020877735467380587,-0.016948075596791456,0.019035849143529515,0.0029304069678188736,0.00227494413432755,0.086920222634508326,-0.086920222634508326,,,,
lightgbm,LGBM_01,D3,NVDA,volatility,high_volatility,low_volatility,251,0,reportable,descriptive_low_n,descriptive_low_n,False,0.032089297025757954,,0.039992930399579969,,0.48605577689243029,,-0.0017280040576974631,,,,,,,,,,
lightgbm,LGBM_01,D3,NVDA,transition,transition,stable,57,194,reportable,reportable,reportable,True,0.032106813208141009,0.032084150518562934,0.039831030557928762,0.040040374484321857,0.54385964912280704,0.46907216494845361,0.006889682580400569,-0.0042903175403898874,0.011180000120790456,2.2662689578074879e-05,-0.0002093439263930949,0.074787484174353436,-0.074787484174353436,,,,
lightgbm,LGBM_03,D4,AAPL,trend,negative_trend,positive_trend,53,197,reportable,reportable,reportable,True,0.010325810217534214,0.0096156360878341274,0.012796301693685992,0.012790998271184739,0.62264150943396224,0.54314720812182737,0.015843238440604757,0.0042076346945759679,0.011635603746028789,0.00071017412970008666,5.3034225012526387e-06,0.079494301312134863,-0.079494301312134863,,,,
lightgbm,LGBM_03,D4,AAPL,volatility,high_volatility,low_volatility,135,115,reportable,reportable,reportable,True,0.010403595254963333,0.0090179381861964069,0.013446743542504927,0.011978091668089434,0.59259259259259256,0.52173913043478259,0.011065447021651686,0.0010586412560554814,0.010006805765596205,0.0013856570687669264,0.0014686518744154928,0.070853462157809965,-0.070853462157809965,,,,
lightgbm,LGBM_03,D4,AAPL,transition,transition,stable,3,247,descriptive_low_n,reportable,descriptive_low_n,False,0.0057322171085530671,0.0098151886619715703,0.0092490376814780839,0.012829143065466423,0.66666666666666663,0.5587044534412956,0.048502367555401493,0.0065310289238240671,0.041971338631577426,-0.0040829715534185032,-0.0035801053839883395,0.10796221322537103,-0.10796221322537103,,,,
lightgbm,LGBM_03,D4,MSFT,trend,negative_trend,positive_trend,53,197,reportable,reportable,reportable,True,0.011844883296873202,0.012026720866594762,0.015125736425595922,0.015873887073087147,0.67924528301886788,0.51776649746192893,0.02781514586428746,-0.00036674609302234096,0.028181891957309801,-0.00018183756972156052,-0.00074815064749122508,0.16147878555693895,-0.16147878555693895,,,,
lightgbm,LGBM_03,D4,MSFT,volatility,high_volatility,low_volatility,135,115,reportable,reportable,reportable,True,0.012629872469313741,0.011234869931270368,0.016125537024539262,0.015226244115072833,0.55555555555555558,0.54782608695652169,0.007038581656884535,0.0038601475925190698,0.0031784340643654652,0.0013950025380433731,0.0008992929094664287,0.0077294685990338952,-0.0077294685990338952,,,,
lightgbm,LGBM_03,D4,MSFT,transition,transition,stable,3,247,descriptive_low_n,reportable,descriptive_low_n,False,0.0096656592592751656,0.012016379950103734,0.01186463458595175,0.015759267879979891,0,0.5587044534412956,-0.10573254022148526,0.0066486279995874309,-0.11238116822107269,-0.0023507206908285685,-0.0038946332940281419,-0.5587044534412956,0.5587044534412956,,,,
lightgbm,LGBM_03,D4,GOOGL,trend,negative_trend,positive_trend,53,197,reportable,reportable,reportable,True,0.013482493789481433,0.013941207145842615,0.020113724249812257,0.018851275706715246,0.62264150943396224,0.52284263959390864,0.020438765597700081,-7.0559153890759063e-05,0.020509324751590841,-0.00045871335636118137,0.0012624485430970112,0.099798869840053595,-0.099798869840053595,,,,
lightgbm,LGBM_03,D4,GOOGL,volatility,high_volatility,low_volatility,135,115,reportable,reportable,reportable,True,0.015535679855721463,0.011858027809140114,0.021422150030232338,0.016015519410158191,0.57037037037037042,0.5130434782608696,0.0091671555610877142,-0.0034499087387982463,0.012617064299885961,0.0036776520465813482,0.0054066306200741474,0.057326892109500815,-0.057326892109500815,,,,
lightgbm,LGBM_03,D4,GOOGL,transition,transition,stable,3,247,descriptive_low_n,reportable,descriptive_low_n,False,0.0123318107661093,0.013862326098280092,0.014873123469559085,0.019171731766096104,0.33333333333333331,0.54655870445344135,-0.031034524480469505,0.0046018383403658714,-0.035636362820835377,-0.0015305153321707923,-0.0042986082965370195,-0.21322537112010803,0.21322537112010803,,,,
lightgbm,LGBM_03,D4,NVDA,trend,negative_trend,positive_trend,53,197,reportable,reportable,reportable,True,0.019313566826331063,0.021360097667650218,0.023769036193958138,0.030900354013910565,0.64150943396226412,0.52284263959390864,0.040826403219202168,0.0033557132085941799,0.037470690010607988,-0.0020465308413191545,-0.007131317819952427,0.11866679436835548,-0.11866679436835548,,,,
lightgbm,LGBM_03,D4,NVDA,volatility,high_volatility,low_volatility,135,115,reportable,reportable,reportable,True,0.023452394827069491,0.017960738962332672,0.034025921357122554,0.023171775665113803,0.57777777777777772,0.5130434782608696,0.017412403882495764,0.00078939164474567391,0.01662301223775009,0.0054916558647368184,0.010854145692008751,0.064734299516908123,-0.064734299516908123,,,,
lightgbm,LGBM_03,D4,NVDA,transition,transition,stable,3,247,descriptive_low_n,reportable,descriptive_low_n,False,0.0091653742288470008,0.021069077569376916,0.011368368086873817,0.029685082333540509,0.33333333333333331,0.55060728744939269,-0.22082488677759482,0.011906947838993376,-0.2327318346165882,-0.011903703340529915,-0.018316714246666692,-0.21727395411605938,0.21727395411605938,,,,
lightgbm,LGBM_01,D5,AAPL,trend,negative_trend,positive_trend,0,252,descriptive_low_n,reportable,descriptive_low_n,False,,0.010377142696272412,,0.014220464774960591,,0.56349206349206349,,0.0047857152169952233,,,,,,,,,
lightgbm,LGBM_01,D5,AAPL,volatility,high_volatility,low_volatility,93,159,reportable,reportable,reportable,True,0.0097402379866515804,0.010749671866050635,0.013758797519001997,0.014483677320700623,0.59139784946236562,0.54716981132075471,0.012415595689603043,0.00069403034740633807,0.011721565342196705,-0.0010094338793990541,-0.00072487980169862534,0.044228038141610915,-0.044228038141610915,,,,
lightgbm,LGBM_01,D5,AAPL,transition,transition,stable,35,217,reportable,reportable,reportable,True,0.0086921561519688242,0.010648914719547183,0.012504540430214945,0.014478193397945639,0.7142857142857143,0.53917050691244239,0.036474292950969378,0.00045787694334120665,0.036016416007628171,-0.0019567585675783587,-0.0019736529677306935,0.17511520737327191,-0.17511520737327191,,,,
lightgbm,LGBM_01,D5,MSFT,trend,negative_trend,positive_trend,0,252,descriptive_low_n,reportable,descriptive_low_n,False,,0.0095588829030841104,,0.012738797402838262,,0.51190476190476186,,-0.010003096070205997,,,,,,,,,
lightgbm,LGBM_01,D5,MSFT,volatility,high_volatility,low_volatility,93,159,reportable,reportable,reportable,True,0.0096708788369924987,0.0094933758474018432,0.012253094140188063,0.013014488865258944,0.44086021505376344,0.55345911949685533,-0.011301937283007657,-0.0092307769287869323,-0.0020711603542207246,0.00017750298959065547,-0.00076139472507088038,-0.1125989044430919,0.1125989044430919,,,,
lightgbm,LGBM_01,D5,MSFT,transition,transition,stable,35,217,reportable,reportable,reportable,True,0.0090948497866132558,0.0096337269541277946,0.011978342408914613,0.012857239832488638,0.40000000000000002,0.52995391705069128,-0.019298007473222967,-0.0086026264832474997,-0.010695380989975467,-0.0005388771675145388,-0.00087889742357402482,-0.12995391705069126,0.12995391705069126,,,,
lightgbm,LGBM_01,D5,GOOGL,trend,negative_trend,positive_trend,0,252,descriptive_low_n,reportable,descriptive_low_n,False,,0.012451104699920707,,0.017488535630761186,,0.58333333333333337,,0.023846276757777729,,,,,,,,,
lightgbm,LGBM_01,D5,GOOGL,volatility,high_volatility,low_volatility,93,159,reportable,reportable,reportable,True,0.01219586524351313,0.012600395702725134,0.015903392170853368,0.018352343655777512,0.56989247311827962,0.5911949685534591,0.020400020863490798,0.025786568899625162,-0.0053865480361343643,-0.00040453045921200366,-0.0024489514849241438,-0.02130249543517948,0.02130249543517948,,,,
lightgbm,LGBM_01,D5,GOOGL,transition,transition,stable,35,217,reportable,reportable,reportable,True,0.013998025790995183,0.012201601298134501,0.019163265473767555,0.017203156038479113,0.51428571428571423,0.59447004608294929,0.0078861349688392757,0.026743359319129856,-0.01885722435029058,0.0017964244928606824,0.0019601094352884423,-0.080184331797235053,0.080184331797235053,,,,
lightgbm,LGBM_01,D5,NVDA,trend,negative_trend,positive_trend,0,252,descriptive_low_n,reportable,descriptive_low_n,False,,0.024603051559967296,,0.032788735368621626,,0.55555555555555558,,0.0072293754595247339,,,,,,,,,
lightgbm,LGBM_01,D5,NVDA,volatility,high_volatility,low_volatility,93,159,reportable,reportable,reportable,True,0.025270838472249518,0.02421245921504751,0.03364292278435245,0.032278640690699807,0.5268817204301075,0.57232704402515722,0.0047423213094184291,0.008741554376056615,-0.0039992330666381859,0.0010583792572020079,0.0013642820936526426,-0.045445323595049714,0.045445323595049714,,,,
lightgbm,LGBM_01,D5,NVDA,transition,transition,stable,35,217,reportable,reportable,reportable,True,0.028999754178309814,0.023893905976363664,0.039364736946832693,0.031600188566290835,0.59999999999999998,0.54838709677419351,0.020098831120266114,0.0046704343956892602,0.015428396724576854,0.0051058482019461504,0.007764548380541858,0.051612903225806472,-0.051612903225806472,,,,
lstm_seed_mean,LSTM_63,D1,AAPL,trend,negative_trend,positive_trend,64,189,reportable,reportable,reportable,True,0.029676593658259216,0.01796200045797355,0.042753983928514185,0.024368226157267789,0.546875,0.50440917107583771,-0.040341891758517358,-0.013514818377480883,-0.026827073381036473,0.011714593200285665,0.018385757771246396,0.042465828924162285,-0.042465828924162285,3,-0.079211237860903894|-0.017066562035088495|0.015796579752882955,negative|negative|positive,True
lstm_seed_mean,LSTM_63,D1,AAPL,volatility,high_volatility,low_volatility,220,33,reportable,reportable,reportable,True,0.021669768430896495,0.015962758360253387,0.031111336158106892,0.022251875140042662,0.51818181818181819,0.49494949494949497,-0.025434619555978477,-0.0012748235669843844,-0.024159795988994093,0.0057070100706431079,0.0088594610180642297,0.023232323232323215,-0.023232323232323215,3,0.010449080691820267|-0.072475415299774637|-0.010453053359027908,positive|negative|negative,True
lstm_seed_mean,LSTM_63,D1,AAPL,transition,transition,stable,91,162,reportable,reportable,reportable,True,0.028132567917248701,0.016876891359357774,0.039070352528901613,0.023618030877782168,0.49816849816849818,0.52469135802469136,-0.039239509551297548,-0.0082071496600026137,-0.031032359891294936,0.011255676557890927,0.015452321651119445,-0.026522859856193182,0.026522859856193182,3,-0.03761968354459766|-0.038663713363011443|-0.016813682766275706,negative|negative|negative,False
lstm_seed_mean,LSTM_63,D1,MSFT,trend,negative_trend,positive_trend,64,189,reportable,reportable,reportable,True,0.035708304276476081,0.01735475565144157,0.049135687999718479,0.022808353303390077,0.54166666666666663,0.48324514991181661,-0.18319660002093294,-0.17910235709642963,-0.0040942429245033052,0.018353548625034511,0.026327334696328402,0.058421516754850022,-0.058421516754850022,3,0.030134376898101722|-0.087506475183847021|0.045089369512235411,positive|negative|positive,True
lstm_seed_mean,LSTM_63,D1,MSFT,volatility,high_volatility,low_volatility,220,33,reportable,reportable,reportable,True,0.023235802306465738,0.013742538921044383,0.033202211000516631,0.017711083020437179,0.49848484848484848,0.49494949494949497,-0.18844502689680379,-0.10075684198745975,-0.087688184909344033,0.0094932633854213546,0.015491127980079452,0.0035353535353535026,-0.0035353535353535026,3,-0.13794356535802255|-0.041755864688726829|-0.083365124681282765,negative|negative|negative,False
lstm_seed_mean,LSTM_63,D1,MSFT,transition,transition,stable,91,162,reportable,reportable,reportable,True,0.031372812855859168,0.016731199518109519,0.043455127858980057,0.022355038119833189,0.47252747252747257,0.51234567901234562,-0.16957251933931058,-0.19281982506179016,0.023247305722479572,0.014641613337749649,0.021100089739146868,-0.039818206484873053,0.039818206484873053,3,0.016315428064557214|0.046065356154719961|0.0073611329481615417,positive|positive|positive,False
lstm_seed_mean,LSTM_63,D1,GOOGL,trend,negative_trend,positive_trend,64,189,reportable,reportable,reportable,True,0.027843303552591816,0.014839091981017634,0.039548855280837465,0.019481540723446211,0.54166666666666663,0.50088183421516752,-0.061467386714442962,-0.092998994922617539,0.031531608208174577,0.013004211571574182,0.020067314557391254,0.040784832451499109,-0.040784832451499109,3,0.028854875415790238|0.073102847706366991|-0.0073628984976334966,positive|positive|negative,True
lstm_seed_mean,LSTM_63,D1,GOOGL,volatility,high_volatility,low_volatility,220,33,reportable,reportable,reportable,True,0.018964667185136078,0.012555546395402163,0.027206951837125713,0.016609308257223822,0.50151515151515147,0.5757575757575758,-0.088406257056031931,-0.0071239996173736442,-0.081282257438658287,0.0064091207897339145,0.010597643579901891,-0.074242424242424332,0.074242424242424332,3,-0.024701976699811778|-0.036331399761461936|-0.18281339585470113,negative|negative|negative,False
lstm_seed_mean,LSTM_63,D1,GOOGL,transition,transition,stable,91,162,reportable,reportable,reportable,True,0.024587110334882423,0.014500819575950044,0.034445758306828687,0.019844517573999972,0.49816849816849818,0.51851851851851849,-0.089281605452616097,-0.072321117125553516,-0.016960488327062581,0.010086290758932378,0.014601240732828716,-0.020350020350020315,0.020350020350020315,3,-0.01818468044019228|0.055432034061115298|-0.088128818602110748,negative|positive|negative,True
lstm_seed_mean,LSTM_63,D1,NVDA,trend,negative_trend,positive_trend,64,189,reportable,reportable,reportable,True,0.038696955059738171,0.02119027997677625,0.054149257080603481,0.028475022763812669,0.58333333333333337,0.53439153439153442,0.069723622969954449,-0.02387825414340557,0.093601877113360016,0.017506675082961921,0.025674234316790813,0.048941798941798953,-0.048941798941798953,3,0.042592017647021363|0.14420024429434875|0.094013369398709967,positive|positive|positive,False
lstm_seed_mean,LSTM_63,D1,NVDA,volatility,high_volatility,low_volatility,220,33,reportable,reportable,reportable,True,0.026950337417767894,0.016742236591667198,0.038173876958098991,0.025000599408973607,0.55303030303030309,0.50505050505050508,0.016029650150621039,-0.0079736845710568494,0.024003334721677889,0.010208100826100696,0.013173277549125385,0.047979797979798011,-0.047979797979798011,3,0.0038320301277494639|0.078050828589521393|-0.0098728545522371869,positive|positive|negative,True
lstm_seed_mean,LSTM_63,D1,NVDA,transition,transition,stable,91,162,reportable,reportable,reportable,True,0.03543235879335551,0.020106317217522238,0.049018239356714906,0.027491629945784302,0.59340659340659341,0.52057613168724282,0.065230734559641013,-0.042498770436835365,0.10772950499647638,0.015326041575833272,0.021526609410930604,0.072830461719350592,-0.072830461719350592,3,0.1196976446781749|0.13710931810352311|0.06638155220773112,positive|positive|positive,False
lstm_seed_mean,LSTM_63,D2,AAPL,trend,negative_trend,positive_trend,2,250,descriptive_low_n,reportable,descriptive_low_n,False,0.009129921304935,0.012511522729426114,0.009361795230098488,0.016262121884299385,0.5,0.53733333333333333,0.0026522798027157624,-0.026202542066767642,0.028854821869483405,-0.0033816014244911138,-0.0069003266542008966,-0.037333333333333329,0.037333333333333329,0,,,False
lstm_seed_mean,LSTM_63,D2,AAPL,volatility,high_volatility,low_volatility,144,108,reportable,reportable,reportable,True,0.012886368673231919,0.011949105889083355,0.01662768115137064,0.015657203859820765,0.50694444444444453,0.5771604938271605,-0.039108391964597554,-0.0077917322763495873,-0.031316659688247969,0.00093726278414856326,0.00097047729154987536,-0.070216049382715973,0.070216049382715973,3,-0.065736393659901582|-0.0095964480136863095|-0.018617137391156002,negative|negative|negative,False
lstm_seed_mean,LSTM_63,D2,AAPL,transition,transition,stable,52,200,reportable,reportable,reportable,True,0.013167736402535074,0.012307091160172874,0.016947211901529195,0.016024172041035106,0.55128205128205132,0.53333333333333333,0.025790999846793599,-0.041440852519438486,0.067231852366232081,0.00086064524236219991,0.00092303986049408968,0.017948717948717996,-0.017948717948717996,3,0.07133190739415074|0.057597026877223567|0.072766622827321936,positive|positive|positive,False
lstm_seed_mean,LSTM_63,D2,MSFT,trend,negative_trend,positive_trend,2,250,descriptive_low_n,reportable,descriptive_low_n,False,0.0079615539059803338,0.010672032535797129,0.0084467544227302595,0.01361422750212637,1,0.51600000000000001,0.49295486733975658,-0.057964908248288483,0.55091977558804506,-0.0027104786298167947,-0.00516747307939611,0.48399999999999999,-0.48399999999999999,0,,,False
lstm_seed_mean,LSTM_63,D2,MSFT,volatility,high_volatility,low_volatility,144,108,reportable,reportable,reportable,True,0.010942397071196834,0.010261352439897209,0.013750334346174556,0.01335271175323941,0.53703703703703709,0.49691358024691362,-0.02266292128180954,-0.094600763021156567,0.07193784173934703,0.00068104463129962586,0.00039762259293514568,0.040123456790123468,-0.040123456790123468,3,0.08829502546110124|0.056291222631142057|0.071227277125797794,positive|positive|positive,False
lstm_seed_mean,LSTM_63,D2,MSFT,transition,transition,stable,52,200,reportable,reportable,reportable,True,0.010977673854285131,0.010565461006692081,0.014311538172490749,0.013385003974845315,0.63461538461538458,0.48999999999999999,0.092275087549521254,-0.098071706943297254,0.19034679449281849,0.00041221284759304991,0.00092653419764543443,0.14461538461538459,-0.14461538461538459,3,0.20931721956062443|0.17774005454005348|0.18398310937777762,positive|positive|positive,False
lstm_seed_mean,LSTM_63,D2,GOOGL,trend,negative_trend,positive_trend,2,250,descriptive_low_n,reportable,descriptive_low_n,False,0.010252560894604801,0.010964161769933325,0.010953295576650342,0.015197750964632285,1,0.53333333333333333,0.20515316197653241,0.0071575968837892523,0.19799556509274316,-0.00071160087532852467,-0.0042444553879819429,0.46666666666666667,-0.46666666666666667,0,,,False
lstm_seed_mean,LSTM_63,D2,GOOGL,volatility,high_volatility,low_volatility,144,108,reportable,reportable,reportable,True,0.011262350250823913,0.010553399334758309,0.015829255021859945,0.014240303978275306,0.53935185185185197,0.53395061728395066,0.016444765281291834,-0.0018128789064103534,0.018257644187702187,0.00070895091606560344,0.0015889510435846393,0.0054012345679013141,-0.0054012345679013141,3,0.022378229950595796|0.033593402843166698|-0.0011987002306559358,positive|positive|negative,True
lstm_seed_mean,LSTM_63,D2,GOOGL,transition,transition,stable,52,200,reportable,reportable,reportable,True,0.011222348033646107,0.010889917332614718,0.016195732375816053,0.014889551275154565,0.5641025641025641,0.52999999999999992,0.034436677656085567,0.0019431998611047681,0.032493477794980796,0.00033243070103138907,0.0013061811006614878,0.034102564102564181,-0.034102564102564181,3,0.024022130724863811|0.043234773474370103|0.030223529185708475,positive|positive|positive,False
lstm_seed_mean,LSTM_63,D2,NVDA,trend,negative_trend,positive_trend,2,250,descriptive_low_n,reportable,descriptive_low_n,False,0.02181756406592103,0.021931664949229757,0.023454379510409417,0.028570756721810014,0.66666666666666663,0.47999999999999998,0.10349262515786743,-0.029123626500043704,0.13261625165791113,-0.00011410088330872717,-0.0051163772114005968,0.18666666666666665,-0.18666666666666665,0,,,False
lstm_seed_mean,LSTM_63,D2,NVDA,volatility,high_volatility,low_volatility,144,108,reportable,reportable,reportable,True,0.022830078982144713,0.020731666592689286,0.029331230938984054,0.027437085042249287,0.49074074074074076,0.46913580246913583,-0.024713768076534286,-0.032671832305951089,0.0079580642294168023,0.0020984123894554271,0.0018941458967347662,0.021604938271604923,-0.021604938271604923,3,0.0050943473283484586|-0.0035488411101258777|0.022328686470027836,positive|negative|positive,True
lstm_seed_mean,LSTM_63,D2,NVDA,transition,transition,stable,52,200,reportable,reportable,reportable,True,0.024327315944338096,0.021307654681668498,0.030933463217150101,0.027876107335246137,0.48717948717948723,0.47999999999999998,-0.011199461301523458,-0.032994402954478273,0.021794941652954813,0.0030196612626695978,0.0030573558819039642,0.0071794871794872428,-0.0071794871794872428,3,0.06382854335221877|-0.011575156221347305|0.013131437827992976,positive|negative|positive,True
lstm_seed_mean,LSTM_21,D3,AAPL,trend,negative_trend,positive_trend,196,55,reportable,reportable,reportable,True,0.018979631301172677,0.016417089006307031,0.024050300193297725,0.021224897015245037,0.48809523809523808,0.43636363636363634,-0.054149002623912278,-0.089926761635515565,0.035777759011603287,0.0025625422948656468,0.0028254031780526878,0.05173160173160174,-0.05173160173160174,3,0.032690347522149166|0.075570313290151958|-0.0009273837774912419,positive|positive|negative,True
lstm_seed_mean,LSTM_21,D3,AAPL,volatility,high_volatility,low_volatility,251,0,reportable,descriptive_low_n,descriptive_low_n,False,0.018418118049309682,,0.023460938530773388,,0.47675962815405049,,-0.060951229409697216,,,,,,,0,,,False
lstm_seed_mean,LSTM_21,D3,AAPL,transition,transition,stable,57,194,reportable,reportable,reportable,True,0.019866687864733647,0.017992507330344912,0.025342856280681097,0.022876843212846703,0.47953216374269009,0.47594501718213061,-0.091010629296585391,-0.051552070055519206,-0.039458559241066185,0.0018741805343887342,0.0024660130678343939,0.0035871465605594732,-0.0035871465605594732,3,-0.022565016047432884|-0.029720229646385432|-0.066090432029380253,negative|negative|negative,False
lstm_seed_mean,LSTM_21,D3,MSFT,trend,negative_trend,positive_trend,196,55,reportable,reportable,reportable,True,0.019684676717128754,0.016324684941806288,0.024960753999316795,0.021292007794530832,0.50510204081632659,0.46060606060606063,-0.072036014918736679,-0.25609434989850605,0.18405833497976937,0.0033599917753224656,0.003668746204785963,0.044495980210265962,-0.044495980210265962,3,0.25242759672488924|0.14308105732056142|0.1566663508938575,positive|positive|positive,False
lstm_seed_mean,LSTM_21,D3,MSFT,volatility,high_volatility,low_volatility,251,0,reportable,descriptive_low_n,descriptive_low_n,False,0.018948423539269246,,0.024205921152614718,,0.4953519256308101,,-0.10253506624592672,,,,,,,0,,,False
lstm_seed_mean,LSTM_21,D3,MSFT,transition,transition,stable,57,194,reportable,reportable,reportable,True,0.02120183440785511,0.018286338902622889,0.026271423434952423,0.023555783417995978,0.47368421052631576,0.50171821305841924,-0.16485132186907644,-0.082801771153011725,-0.08204955071606472,0.0029154955052322212,0.002715640016956445,-0.028034002532103475,0.028034002532103475,3,0.0046502860830666126|-0.11215077522658223|-0.13864816300467853,positive|negative|negative,True
lstm_seed_mean,LSTM_21,D3,GOOGL,trend,negative_trend,positive_trend,196,55,reportable,reportable,reportable,True,0.020537964426234841,0.015292677703414028,0.026180981806933623,0.020805726848615161,0.49659863945578236,0.44848484848484849,-0.023403647199307025,-0.08554644431425884,0.062142797114951812,0.0052452867228208137,0.0053752549583184622,0.048113790970933878,-0.048113790970933878,3,0.043629350069400274|0.080108899450742177|0.062690141824712997,positive|positive|positive,False
lstm_seed_mean,LSTM_21,D3,GOOGL,volatility,high_volatility,low_volatility,251,0,reportable,descriptive_low_n,descriptive_low_n,False,0.019388598809680479,,0.025101873844812928,,0.48605577689243029,,-0.033630304468123283,,,,,,,0,,,False
lstm_seed_mean,LSTM_21,D3,GOOGL,transition,transition,stable,57,194,reportable,reportable,reportable,True,0.019312731588851832,0.019410889694150751,0.024464354055561115,0.025285832614880693,0.49122807017543857,0.48453608247422686,-0.073927727520344932,-0.02241526176447543,-0.051512465755869499,-9.8158105298919857e-05,-0.00082147855931957725,0.0066919877012117102,-0.0066919877012117102,3,-0.073919679144312189|-0.020519188290749391|-0.060098529832546932,negative|negative|negative,False
lstm_seed_mean,LSTM_21,D3,NVDA,trend,negative_trend,positive_trend,196,55,reportable,reportable,reportable,True,0.033846603695008602,0.03050634539766961,0.041919359641817165,0.039357346446676121,0.48979591836734698,0.49696969696969689,-0.031911894996639788,-0.041017337788027484,0.0091054427913876967,0.0033402582973389924,0.0025620131951410441,-0.0071737786023499117,0.0071737786023499117,3,0.020914491234868438|0.021701570512837609|-0.015299733373542956,positive|positive|negative,True
lstm_seed_mean,LSTM_21,D3,NVDA,volatility,high_volatility,low_volatility,251,0,reportable,descriptive_low_n,descriptive_low_n,False,0.033114674586029937,,0.041372453314590281,,0.49136786188579018,,-0.033737100923618701,,,,,,,0,,,False
lstm_seed_mean,LSTM_21,D3,NVDA,transition,transition,stable,57,194,reportable,reportable,reportable,True,0.034825197038735024,0.032612098401472257,0.043216348814117372,0.040814602987988245,0.46198830409356723,0.5,-0.077193873497503951,-0.020816014446873643,-0.056377859050630308,0.002213098637262767,0.0024017458261291272,-0.038011695906432774,0.038011695906432774,3,-0.054576353485218165|-0.056672129852439745|-0.057885093814233013,negative|negative|negative,False
lstm_seed_mean,LSTM_63,D4,AAPL,trend,negative_trend,positive_trend,53,197,reportable,reportable,reportable,True,0.010352703828931954,0.010092767661450661,0.012961125734350107,0.013278595621710741,0.61006289308176098,0.50084602368866327,0.013279998467930007,-0.045203966775517156,0.058483965243447164,0.00025993616748129326,-0.00031746988736063367,0.10921686939309772,-0.10921686939309772,3,0.11833775274294955|0.018866669564049476|0.038247473423342448,positive|positive|positive,False
lstm_seed_mean,LSTM_63,D4,AAPL,volatility,high_volatility,low_volatility,135,115,reportable,reportable,reportable,True,0.010909346862158753,0.0092539713551977563,0.013962899761196267,0.012270460365839753,0.52098765432098759,0.52753623188405796,-0.037009783446514621,-0.025087390096405555,-0.011922393350109067,0.0016553755069609963,0.0016924393953565136,-0.006548577563070368,0.006548577563070368,3,0.017667142315907602|-0.0097980301346309862|-0.043636292231603813,positive|negative|negative,True
lstm_seed_mean,LSTM_63,D4,AAPL,transition,transition,stable,3,247,descriptive_low_n,reportable,descriptive_low_n,False,0.0068369784563014997,0.010188087436721739,0.0095236730257690846,0.013250668280949346,0.44444444444444442,0.52496626180836703,-0.13487830119674152,-0.031212857090507546,-0.10366544410623398,-0.0033511089804202391,-0.0037269952551802609,-0.08052181736392261,0.08052181736392261,0,,,False
lstm_seed_mean,LSTM_63,D4,MSFT,trend,negative_trend,positive_trend,53,197,reportable,reportable,reportable,True,0.012047171642104828,0.012173219945962066,0.015336660596980444,0.016111061097354901,0.55974842767295596,0.52961082910321489,0.011212055696714796,-0.012552345888504032,0.023764401585218829,-0.00012604830385723811,-0.00077440050037445689,0.030137598569741075,-0.030137598569741075,3,0.055842148383064338|0.025205020958945057|-0.0097539645863529145,positive|positive|negative,True
lstm_seed_mean,LSTM_63,D4,MSFT,volatility,high_volatility,low_volatility,135,115,reportable,reportable,reportable,True,0.013005576961043666,0.011138013362132068,0.016738313206131641,0.0149707594927135,0.48395061728395056,0.59710144927536224,-0.022499330613602247,0.012447936243064875,-0.034947266856667124,0.0018675635989115983,0.0017675537134181404,-0.11315083199141168,0.11315083199141168,3,-0.026985069841083287|-0.030174886826224379|-0.047681843902693699,negative|negative|negative,False
lstm_seed_mean,LSTM_63,D4,MSFT,transition,transition,stable,3,247,descriptive_low_n,reportable,descriptive_low_n,False,0.0078520870263274548,0.012198656539704859,0.0099493861652330002,0.016008975931271447,0.66666666666666663,0.53441295546558709,0.10173658094457612,-0.0084195290590010075,0.11015611000357713,-0.0043465695133774046,-0.0060595897660384469,0.13225371120107954,-0.13225371120107954,0,,,False
lstm_seed_mean,LSTM_63,D4,GOOGL,trend,negative_trend,positive_trend,53,197,reportable,reportable,reportable,True,0.013427950447473349,0.013991169512913293,0.020488913169207632,0.018962840458334771,0.58490566037735847,0.54653130287648055,0.024401574278357579,-0.0036546026194472412,0.028056176897804819,-0.00056321906543994361,0.0015260727108728604,0.03837435750087792,-0.03837435750087792,3,0.089445439801940529|0.037228815063822918|-0.042505724172348991,positive|positive|negative,True
lstm_seed_mean,LSTM_63,D4,GOOGL,volatility,high_volatility,low_volatility,135,115,reportable,reportable,reportable,True,0.015776682549558014,0.011635561944084126,0.02182878137454999,0.015824300985095411,0.55555555555555558,0.55362318840579705,-0.0062034871702999856,0.015375595432802794,-0.021579082603102779,0.0041411206054738879,0.0060044803894545792,0.0019323671497585293,-0.0019323671497585293,3,-0.047702532660090058|-0.0062891162548062152|-0.010745598894412067,negative|negative|negative,False
lstm_seed_mean,LSTM_63,D4,GOOGL,transition,transition,stable,3,247,descriptive_low_n,reportable,descriptive_low_n,False,0.011096536689388857,0.013905474322639028,0.013506219312062561,0.019360047235081574,0.66666666666666663,0.55330634278002699,0.072243918924994488,0.0015035370234541823,0.070740381901540306,-0.0028089376332501702,-0.0058538279230190126,0.11336032388663964,-0.11336032388663964,0,,,False
lstm_seed_mean,LSTM_63,D4,NVDA,trend,negative_trend,positive_trend,53,197,reportable,reportable,reportable,True,0.02016827913714719,0.02271574052013749,0.024867984216972196,0.032435673406799793,0.5220125786163522,0.46023688663282575,-0.0016213480817454846,-0.059897448124430763,0.058276100042685276,-0.0025474613829903001,-0.0075676891898275971,0.061775691983526448,-0.061775691983526448,3,0.087237108125233109|-0.010697708603328637|0.098288900606151364,positive|negative|positive,True
lstm_seed_mean,LSTM_63,D4,NVDA,volatility,high_volatility,low_volatility,135,115,reportable,reportable,reportable,True,0.02486506503164498,0.019018573021424481,0.035497285205002206,0.024656484339664664,0.46419753086419752,0.48405797101449277,-0.041774396896522882,-0.058061138722672677,0.016286741826149795,0.0058464920102204998,0.010840800865337542,-0.019860440150295255,0.019860440150295255,3,-0.026384883218943056|0.022744161942046981|0.052500946755345446,negative|positive|positive,True
lstm_seed_mean,LSTM_63,D4,NVDA,transition,transition,stable,3,247,descriptive_low_n,reportable,descriptive_low_n,False,0.006578837259103412,0.022365114028172376,0.008015243814950038,0.031159830439750107,0.66666666666666663,0.47098515519568157,0.12370100211570771,-0.048874290260602228,0.17257529237630995,-0.015786276769068963,-0.023144586624800068,0.19568151147098506,-0.19568151147098506,0,,,False
lstm_seed_mean,LSTM_21,D5,AAPL,trend,negative_trend,positive_trend,0,252,descriptive_low_n,reportable,descriptive_low_n,False,,0.010719535418553002,,0.014610017442233711,,0.49867724867724866,,-0.028051274520245879,,,,,,0,,,False
lstm_seed_mean,LSTM_21,D5,AAPL,volatility,high_volatility,low_volatility,93,159,reportable,reportable,reportable,True,0.010435885574939657,0.010885443817647599,0.014444705443003927,0.014705440683531948,0.48028673835125452,0.50943396226415094,-0.058117661303804136,-0.011927538332352642,-0.046190122971451496,-0.00044955824270794149,-0.0002607352405280209,-0.029147223912896425,0.029147223912896425,3,-0.023703018265965214|-0.038869593936143199|-0.075997756712246067,negative|negative|negative,False
lstm_seed_mean,LSTM_21,D5,AAPL,transition,transition,stable,35,217,reportable,reportable,reportable,True,0.010130538750291931,0.010814534881175756,0.013496626829320924,0.01478156601375407,0.39047619047619042,0.5161290322580645,-0.12297045077264346,-0.015087775579477528,-0.10788267519316593,-0.00068399613088382556,-0.0012849391844331464,-0.12565284178187408,0.12565284178187408,3,-0.055076547571102807|-0.069743583164970424|-0.19882789484342456,negative|negative|negative,False
lstm_seed_mean,LSTM_21,D5,MSFT,trend,negative_trend,positive_trend,0,252,descriptive_low_n,reportable,descriptive_low_n,False,,0.010011345622746784,,0.013217156981935459,,0.5,,-0.057810852724302343,,,,,,0,,,False
lstm_seed_mean,LSTM_21,D5,MSFT,volatility,high_volatility,low_volatility,93,159,reportable,reportable,reportable,True,0.01001975261175834,0.010006428327287197,0.012817260670688177,0.013445186802082112,0.5053763440860215,0.49685534591194963,-0.047784322207359731,-0.063772845124859145,0.015988522917499415,1.3324284471143144e-05,-0.0006279261313939348,0.0085209981740718699,-0.0085209981740718699,3,0.025512360825490576|-0.0069517005418799904|0.029404908468887658,positive|negative|positive,True
lstm_seed_mean,LSTM_21,D5,MSFT,transition,transition,stable,35,217,reportable,reportable,reportable,True,0.0095020319743797949,0.010093492985386622,0.012543804980344742,0.01332167380094604,0.41904761904761906,0.51305683563748083,-0.064932625131221069,-0.05673781122571523,-0.0081948139055058392,-0.00059146101100682712,-0.00077786882060129799,-0.094009216589861777,0.094009216589861777,3,0.043565914939796446|-0.018527515603330214|-0.049622841052983757,positive|negative|negative,True
lstm_seed_mean,LSTM_21,D5,GOOGL,trend,negative_trend,positive_trend,0,252,descriptive_low_n,reportable,descriptive_low_n,False,,0.012776839213121644,,0.017710113557703865,,0.51587301587301582,,-0.0016909719854291867,,,,,,0,,,False
lstm_seed_mean,LSTM_21,D5,GOOGL,volatility,high_volatility,low_volatility,93,159,reportable,reportable,reportable,True,0.012447794311313196,0.01296929943870772,0.015747597116022569,0.01876306646308883,0.51971326164874554,0.51362683438155132,0.00016449803397367013,-0.0027356285659366395,0.0029001265999103096,-0.00052150512739452398,-0.0030154693470662609,0.0060864272671942166,-0.0060864272671942166,3,-0.0015307282518455256|0.021162476554827725|-0.010931368503251271,negative|positive|negative,True
lstm_seed_mean,LSTM_21,D5,GOOGL,transition,transition,stable,35,217,reportable,reportable,reportable,True,0.013840092052595209,0.012605346819658169,0.01839550206286554,0.0175967603142228,0.54285714285714282,0.51152073732718895,0.019079731406103601,-0.0054612669726789393,0.024540998378782541,0.0012347452329370401,0.0007987417486427402,0.03133640552995387,-0.03133640552995387,3,-0.0025548522786178474|0.050897416373644977|0.025280431041320495,negative|positive|positive,True
lstm_seed_mean,LSTM_21,D5,NVDA,trend,negative_trend,positive_trend,0,252,descriptive_low_n,reportable,descriptive_low_n,False,,0.024770933651941749,,0.03306960927488365,,0.54761904761904756,,0.00045507720256247425,,,,,,0,,,False
lstm_seed_mean,LSTM_21,D5,NVDA,volatility,high_volatility,low_volatility,93,159,reportable,reportable,reportable,True,0.025432018445870105,0.024384261413983654,0.033855137507127653,0.032600535343771379,0.54121863799283154,0.55136268343815509,-0.0016055332175768748,0.0017079697591591374,-0.0033135029767360122,0.0010477570318864517,0.0012546021633562734,-0.010144045445323546,0.010144045445323546,3,0.014504119655317171|-0.01578820108484591|-0.0086564275006792979,positive|negative|negative,True
lstm_seed_mean,LSTM_21,D5,NVDA,transition,transition,stable,35,217,reportable,reportable,reportable,True,0.028918285763224898,0.024102005892057372,0.03956452419844713,0.031898307836586405,0.61904761904761907,0.53609831029185873,0.022851647391660495,-0.0039982193980689917,0.026849866789729487,0.0048162798711675267,0.0076662163618607254,0.082949308755760343,-0.082949308755760343,3,0.047046295079901657|0.033694764722441928|-0.00019145943315512781,positive|positive|negative,True
