model,source_model,model_config_id,seed,fold,asset,regime_dimension,regime_value,n,mae,rmse,directional_accuracy,actual_positive_direction_balance,sample_size_status
persistence_baseline,zero_return__direction_persistence,zero_return__direction_persistence_v1,not_applicable,D1,AAPL,trend,negative_trend,64,0.028525808576348,0.041584663977692268,0.375,0.515625,reportable
persistence_baseline,zero_return__direction_persistence,zero_return__direction_persistence_v1,not_applicable,D1,AAPL,trend,positive_trend,189,0.017722484301441809,0.023972992537468107,0.41269841269841268,0.55026455026455023,reportable
persistence_baseline,zero_return__direction_persistence,zero_return__direction_persistence_v1,not_applicable,D1,AAPL,volatility,high_volatility,220,0.021132277004924684,0.030375085149832226,0.39545454545454545,0.54545454545454541,reportable
persistence_baseline,zero_return__direction_persistence,zero_return__direction_persistence_v1,not_applicable,D1,AAPL,volatility,low_volatility,33,0.015942434568949782,0.022232411794621716,0.45454545454545453,0.51515151515151514,reportable
persistence_baseline,zero_return__direction_persistence,zero_return__direction_persistence_v1,not_applicable,D1,AAPL,transition,transition,91,0.027070341012530624,0.038142587797361675,0.34065934065934067,0.50549450549450547,reportable
persistence_baseline,zero_return__direction_persistence,zero_return__direction_persistence_v1,not_applicable,D1,AAPL,transition,stable,162,0.016739507714311649,0.02316091490080523,0.43827160493827161,0.56172839506172845,reportable
persistence_baseline,zero_return__direction_persistence,zero_return__direction_persistence_v1,not_applicable,D1,MSFT,trend,negative_trend,64,0.03017951900457146,0.04366430690604288,0.34375,0.546875,reportable
persistence_baseline,zero_return__direction_persistence,zero_return__direction_persistence_v1,not_applicable,D1,MSFT,trend,positive_trend,189,0.014718616706167996,0.019517857163665598,0.42857142857142855,0.5714285714285714,reportable
persistence_baseline,zero_return__direction_persistence,zero_return__direction_persistence_v1,not_applicable,D1,MSFT,volatility,high_volatility,220,0.019551432149232571,0.029001427208013131,0.40909090909090912,0.55909090909090908,reportable
persistence_baseline,zero_return__direction_persistence,zero_return__direction_persistence_v1,not_applicable,D1,MSFT,volatility,low_volatility,33,0.012484627300823031,0.01649730229962576,0.39393939393939392,0.60606060606060608,reportable
persistence_baseline,zero_return__direction_persistence,zero_return__direction_persistence_v1,not_applicable,D1,MSFT,transition,transition,91,0.026824170658166297,0.038637384153895837,0.36263736263736263,0.5714285714285714,reportable
persistence_baseline,zero_return__direction_persistence,zero_return__direction_persistence_v1,not_applicable,D1,MSFT,transition,stable,162,0.014026594097933286,0.018949316045110607,0.43209876543209874,0.56172839506172845,reportable
persistence_baseline,zero_return__direction_persistence,zero_return__direction_persistence_v1,not_applicable,D1,GOOGL,trend,negative_trend,64,0.026230955280477447,0.036881943589240122,0.359375,0.5625,reportable
persistence_baseline,zero_return__direction_persistence,zero_return__direction_persistence_v1,not_applicable,D1,GOOGL,trend,positive_trend,189,0.0135764918814662,0.018147188511251543,0.46031746031746029,0.57671957671957674,reportable
persistence_baseline,zero_return__direction_persistence,zero_return__direction_persistence_v1,not_applicable,D1,GOOGL,volatility,high_volatility,220,0.017424254098311165,0.025247926349670453,0.43181818181818182,0.55454545454545456,reportable
persistence_baseline,zero_return__direction_persistence,zero_return__direction_persistence_v1,not_applicable,D1,GOOGL,volatility,low_volatility,33,0.012466733391491279,0.016568159815447313,0.45454545454545453,0.69696969696969702,reportable
persistence_baseline,zero_return__direction_persistence,zero_return__direction_persistence_v1,not_applicable,D1,GOOGL,transition,transition,91,0.022571858564219522,0.031841324748742073,0.36263736263736263,0.56043956043956045,reportable
persistence_baseline,zero_return__direction_persistence,zero_return__direction_persistence_v1,not_applicable,D1,GOOGL,transition,stable,162,0.013522833174096865,0.018763830375806343,0.47530864197530864,0.58024691358024694,reportable
persistence_baseline,zero_return__direction_persistence,zero_return__direction_persistence_v1,not_applicable,D1,NVDA,trend,negative_trend,64,0.041597267237162526,0.055668333118698989,0.359375,0.546875,reportable
persistence_baseline,zero_return__direction_persistence,zero_return__direction_persistence_v1,not_applicable,D1,NVDA,trend,positive_trend,189,0.020696093398823483,0.027405550499422702,0.49206349206349204,0.59788359788359791,reportable
persistence_baseline,zero_return__direction_persistence,zero_return__direction_persistence_v1,not_applicable,D1,NVDA,volatility,high_volatility,220,0.027389379590445292,0.03813254712749127,0.43636363636363634,0.57727272727272727,reportable
persistence_baseline,zero_return__direction_persistence,zero_return__direction_persistence_v1,not_applicable,D1,NVDA,volatility,low_volatility,33,0.016609795322972003,0.024853956664696291,0.60606060606060608,0.63636363636363635,reportable
persistence_baseline,zero_return__direction_persistence,zero_return__direction_persistence_v1,not_applicable,D1,NVDA,transition,transition,91,0.037904924887173876,0.050425099336113256,0.38461538461538464,0.59340659340659341,reportable
persistence_baseline,zero_return__direction_persistence,zero_return__direction_persistence_v1,not_applicable,D1,NVDA,transition,stable,162,0.019286657968044553,0.025927241134232604,0.5,0.58024691358024694,reportable
persistence_baseline,zero_return__direction_persistence,zero_return__direction_persistence_v1,not_applicable,D2,AAPL,trend,negative_trend,2,0.009154200806845,0.010385490196201535,0.5,0.5,descriptive_low_n
persistence_baseline,zero_return__direction_persistence,zero_return__direction_persistence_v1,not_applicable,D2,AAPL,trend,positive_trend,250,0.012192059770411365,0.015855146386024643,0.5,0.53200000000000003,reportable
persistence_baseline,zero_return__direction_persistence,zero_return__direction_persistence_v1,not_applicable,D2,AAPL,volatility,high_volatility,144,0.012401370995443715,0.0163624148399657,0.45833333333333331,0.5,reportable
persistence_baseline,zero_return__direction_persistence,zero_return__direction_persistence_v1,not_applicable,D2,AAPL,volatility,low_volatility,108,0.011856721489561449,0.015064433324795836,0.55555555555555558,0.57407407407407407,reportable
persistence_baseline,zero_return__direction_persistence,zero_return__direction_persistence_v1,not_applicable,D2,AAPL,transition,transition,52,0.013516336228123826,0.017137923610138047,0.46153846153846156,0.51923076923076927,reportable
persistence_baseline,zero_return__direction_persistence,zero_return__direction_persistence_v1,not_applicable,D2,AAPL,transition,stable,200,0.011817369301770464,0.015457893680757118,0.51000000000000001,0.53500000000000003,reportable
persistence_baseline,zero_return__direction_persistence,zero_return__direction_persistence_v1,not_applicable,D2,MSFT,trend,negative_trend,2,0.015701864376864352,0.016217917312967244,0,1,descriptive_low_n
persistence_baseline,zero_return__direction_persistence,zero_return__direction_persistence_v1,not_applicable,D2,MSFT,trend,positive_trend,250,0.010087321850274984,0.013294621156611772,0.5,0.52400000000000002,reportable
persistence_baseline,zero_return__direction_persistence,zero_return__direction_persistence_v1,not_applicable,D2,MSFT,volatility,high_volatility,144,0.010699905945041591,0.013992496721427047,0.47222222222222221,0.54166666666666663,reportable
persistence_baseline,zero_return__direction_persistence,zero_return__direction_persistence_v1,not_applicable,D2,MSFT,volatility,low_volatility,108,0.0093745160670044916,0.01236745457228018,0.52777777777777779,0.5092592592592593,reportable
persistence_baseline,zero_return__direction_persistence,zero_return__direction_persistence_v1,not_applicable,D2,MSFT,transition,transition,52,0.012093613058002328,0.015509378718428744,0.42307692307692307,0.59615384615384615,reportable
persistence_baseline,zero_return__direction_persistence,zero_return__direction_persistence_v1,not_applicable,D2,MSFT,transition,stable,200,0.0096218315615317681,0.012689494974259613,0.51500000000000001,0.51000000000000001,reportable
persistence_baseline,zero_return__direction_persistence,zero_return__direction_persistence_v1,not_applicable,D2,GOOGL,trend,negative_trend,2,0.012898788048398951,0.013704465236317562,0,1,descriptive_low_n
persistence_baseline,zero_return__direction_persistence,zero_return__direction_persistence_v1,not_applicable,D2,GOOGL,trend,positive_trend,250,0.011043204576597829,0.015361732922884487,0.50800000000000001,0.56799999999999995,reportable
persistence_baseline,zero_return__direction_persistence,zero_return__direction_persistence_v1,not_applicable,D2,GOOGL,volatility,high_volatility,144,0.011450653560951141,0.016085258948520281,0.47222222222222221,0.59027777777777779,reportable
persistence_baseline,zero_return__direction_persistence,zero_return__direction_persistence_v1,not_applicable,D2,GOOGL,volatility,low_volatility,108,0.01053430192101195,0.014309222081321368,0.54629629629629628,0.54629629629629628,reportable
persistence_baseline,zero_return__direction_persistence,zero_return__direction_persistence_v1,not_applicable,D2,GOOGL,transition,transition,52,0.011622591469613558,0.016298396779631467,0.5,0.61538461538461542,reportable
persistence_baseline,zero_return__direction_persistence,zero_return__direction_persistence_v1,not_applicable,D2,GOOGL,transition,stable,200,0.010911119819131752,0.01509274196076503,0.505,0.56000000000000005,reportable
persistence_baseline,zero_return__direction_persistence,zero_return__direction_persistence_v1,not_applicable,D2,NVDA,trend,negative_trend,2,0.024336179130442649,0.026896957972871827,0,1,descriptive_low_n
persistence_baseline,zero_return__direction_persistence,zero_return__direction_persistence_v1,not_applicable,D2,NVDA,trend,positive_trend,250,0.021311011023833322,0.028285954877622019,0.48799999999999999,0.53200000000000003,reportable
persistence_baseline,zero_return__direction_persistence,zero_return__direction_persistence_v1,not_applicable,D2,NVDA,volatility,high_volatility,144,0.022279469343911042,0.029112380869268782,0.50694444444444442,0.55555555555555558,reportable
persistence_baseline,zero_return__direction_persistence,zero_return__direction_persistence_v1,not_applicable,D2,NVDA,volatility,low_volatility,108,0.020075754895333569,0.027118785321311532,0.45370370370370372,0.5092592592592593,reportable
persistence_baseline,zero_return__direction_persistence,zero_return__direction_persistence_v1,not_applicable,D2,NVDA,transition,transition,52,0.024057880641101412,0.031623213913048891,0.46153846153846156,0.51923076923076927,reportable
persistence_baseline,zero_return__direction_persistence,zero_return__direction_persistence_v1,not_applicable,D2,NVDA,transition,stable,200,0.020627076604409714,0.027337635715731043,0.48999999999999999,0.54000000000000004,reportable
persistence_baseline,zero_return__direction_persistence,zero_return__direction_persistence_v1,not_applicable,D3,AAPL,trend,negative_trend,196,0.018004695023122855,0.023178013932584528,0.5,0.48979591836734693,reportable
persistence_baseline,zero_return__direction_persistence,zero_return__direction_persistence_v1,not_applicable,D3,AAPL,trend,positive_trend,55,0.015062561618059524,0.019565812554808375,0.54545454545454541,0.40000000000000002,reportable
persistence_baseline,zero_return__direction_persistence,zero_return__direction_persistence_v1,not_applicable,D3,AAPL,volatility,high_volatility,251,0.017360004436355988,0.022436305666625085,0.50996015936254979,0.47011952191235062,reportable
persistence_baseline,zero_return__direction_persistence,zero_return__direction_persistence_v1,not_applicable,D3,AAPL,volatility,low_volatility,0,,,,,descriptive_low_n
persistence_baseline,zero_return__direction_persistence,zero_return__direction_persistence_v1,not_applicable,D3,AAPL,transition,transition,57,0.018209435665665723,0.023675007959343807,0.50877192982456143,0.54385964912280704,reportable
persistence_baseline,zero_return__direction_persistence,zero_return__direction_persistence_v1,not_applicable,D3,AAPL,transition,stable,194,0.017110429281352615,0.022059140132489146,0.51030927835051543,0.4484536082474227,reportable
persistence_baseline,zero_return__direction_persistence,zero_return__direction_persistence_v1,not_applicable,D3,MSFT,trend,negative_trend,196,0.018361954676141084,0.023320827704904682,0.5,0.48979591836734693,reportable
persistence_baseline,zero_return__direction_persistence,zero_return__direction_persistence_v1,not_applicable,D3,MSFT,trend,positive_trend,55,0.012996384342565779,0.017891038198574231,0.52727272727272723,0.36363636363636365,reportable
persistence_baseline,zero_return__direction_persistence,zero_return__direction_persistence_v1,not_applicable,D3,MSFT,volatility,high_volatility,251,0.017186232093086729,0.022244715167999203,0.50597609561752988,0.46215139442231074,reportable
persistence_baseline,zero_return__direction_persistence,zero_return__direction_persistence_v1,not_applicable,D3,MSFT,volatility,low_volatility,0,,,,,descriptive_low_n
persistence_baseline,zero_return__direction_persistence,zero_return__direction_persistence_v1,not_applicable,D3,MSFT,transition,transition,57,0.018201322357462277,0.022866730232916604,0.52631578947368418,0.50877192982456143,reportable
persistence_baseline,zero_return__direction_persistence,zero_return__direction_persistence_v1,not_applicable,D3,MSFT,transition,stable,194,0.016887983922625877,0.022058624624292367,0.5,0.4484536082474227,reportable
persistence_baseline,zero_return__direction_persistence,zero_return__direction_persistence_v1,not_applicable,D3,GOOGL,trend,negative_trend,196,0.020068293172923479,0.025549712367074602,0.52040816326530615,0.47448979591836737,reportable
persistence_baseline,zero_return__direction_persistence,zero_return__direction_persistence_v1,not_applicable,D3,GOOGL,trend,positive_trend,55,0.014087538845999751,0.019707446753936861,0.49090909090909091,0.36363636363636365,reportable
persistence_baseline,zero_return__direction_persistence,zero_return__direction_persistence_v1,not_applicable,D3,GOOGL,volatility,high_volatility,251,0.018757769316426243,0.024389559140793413,0.51394422310756971,0.45019920318725098,reportable
persistence_baseline,zero_return__direction_persistence,zero_return__direction_persistence_v1,not_applicable,D3,GOOGL,volatility,low_volatility,0,,,,,descriptive_low_n
persistence_baseline,zero_return__direction_persistence,zero_return__direction_persistence_v1,not_applicable,D3,GOOGL,transition,transition,57,0.017983269352253469,0.022574403408838303,0.49122807017543857,0.49122807017543857,reportable
persistence_baseline,zero_return__direction_persistence,zero_return__direction_persistence_v1,not_applicable,D3,GOOGL,transition,stable,194,0.018985328584250206,0.024897738177976969,0.52061855670103097,0.43814432989690721,reportable
persistence_baseline,zero_return__direction_persistence,zero_return__direction_persistence_v1,not_applicable,D3,NVDA,trend,negative_trend,196,0.032799896831423592,0.040506603667665356,0.5714285714285714,0.50510204081632648,reportable
persistence_baseline,zero_return__direction_persistence,zero_return__direction_persistence_v1,not_applicable,D3,NVDA,trend,positive_trend,55,0.029304358621432804,0.037212039331994892,0.50909090909090904,0.41818181818181815,reportable
persistence_baseline,zero_return__direction_persistence,zero_return__direction_persistence_v1,not_applicable,D3,NVDA,volatility,high_volatility,251,0.032033942243577009,0.039808021439038756,0.55776892430278879,0.48605577689243029,reportable
persistence_baseline,zero_return__direction_persistence,zero_return__direction_persistence_v1,not_applicable,D3,NVDA,volatility,low_volatility,0,,,,,descriptive_low_n
persistence_baseline,zero_return__direction_persistence,zero_return__direction_persistence_v1,not_applicable,D3,NVDA,transition,transition,57,0.032329553570205782,0.039937330894415431,0.47368421052631576,0.54385964912280704,reportable
persistence_baseline,zero_return__direction_persistence,zero_return__direction_persistence_v1,not_applicable,D3,NVDA,transition,stable,194,0.031947087369258241,0.039769948541214302,0.58247422680412375,0.46907216494845361,reportable
persistence_baseline,zero_return__direction_persistence,zero_return__direction_persistence_v1,not_applicable,D4,AAPL,trend,negative_trend,53,0.010492038078540435,0.012948614609168383,0.50943396226415094,0.62264150943396224,reportable
persistence_baseline,zero_return__direction_persistence,zero_return__direction_persistence_v1,not_applicable,D4,AAPL,trend,positive_trend,197,0.0096562661282152649,0.012823131007583191,0.49746192893401014,0.54314720812182737,reportable
persistence_baseline,zero_return__direction_persistence,zero_return__direction_persistence_v1,not_applicable,D4,AAPL,volatility,high_volatility,135,0.010520003799676225,0.013576519508270646,0.49629629629629629,0.59259259259259256,reportable
persistence_baseline,zero_return__direction_persistence,zero_return__direction_persistence_v1,not_applicable,D4,AAPL,volatility,low_volatility,115,0.0090274950649109585,0.011940474286826848,0.5043478260869565,0.52173913043478259,reportable
persistence_baseline,zero_return__direction_persistence,zero_return__direction_persistence_v1,not_applicable,D4,AAPL,transition,transition,3,0.0060244155246354002,0.0088924624454015649,0.66666666666666663,0.66666666666666663,descriptive_low_n
persistence_baseline,zero_return__direction_persistence,zero_return__direction_persistence_v1,not_applicable,D4,AAPL,transition,stable,247,0.009879713355656454,0.012890435664723613,0.49797570850202427,0.5587044534412956,reportable
persistence_baseline,zero_return__direction_persistence,zero_return__direction_persistence_v1,not_applicable,D4,MSFT,trend,negative_trend,53,0.012183776826479659,0.015398589613884517,0.52830188679245282,0.67924528301886788,reportable
persistence_baseline,zero_return__direction_persistence,zero_return__direction_persistence_v1,not_applicable,D4,MSFT,trend,positive_trend,197,0.012022311730738418,0.015904743456635957,0.51269035532994922,0.51776649746192893,reportable
persistence_baseline,zero_return__direction_persistence,zero_return__direction_persistence_v1,not_applicable,D4,MSFT,volatility,high_volatility,135,0.012719398997786154,0.016277541141664742,0.51851851851851849,0.55555555555555558,reportable
persistence_baseline,zero_return__direction_persistence,zero_return__direction_persistence_v1,not_applicable,D4,MSFT,volatility,low_volatility,115,0.011278406243980521,0.015217578914914365,0.5130434782608696,0.54782608695652169,reportable
persistence_baseline,zero_return__direction_persistence,zero_return__direction_persistence_v1,not_applicable,D4,MSFT,transition,transition,3,0.0087414079876306002,0.011195917621307189,0.33333333333333331,0,descriptive_low_n
persistence_baseline,zero_return__direction_persistence,zero_return__direction_persistence_v1,not_applicable,D4,MSFT,transition,stable,247,0.012096807120631574,0.015846482945208736,0.51821862348178138,0.5587044534412956,reportable
persistence_baseline,zero_return__direction_persistence,zero_return__direction_persistence_v1,not_applicable,D4,GOOGL,trend,negative_trend,53,0.01376380905651913,0.020296843171503931,0.43396226415094341,0.62264150943396224,reportable
persistence_baseline,zero_return__direction_persistence,zero_return__direction_persistence_v1,not_applicable,D4,GOOGL,trend,positive_trend,197,0.013940223535464903,0.018895030810546859,0.52284263959390864,0.52284263959390864,reportable
persistence_baseline,zero_return__direction_persistence,zero_return__direction_persistence_v1,not_applicable,D4,GOOGL,volatility,high_volatility,135,0.015679415496686517,0.021538743066303885,0.52592592592592591,0.57037037037037042,reportable
persistence_baseline,zero_return__direction_persistence,zero_return__direction_persistence_v1,not_applicable,D4,GOOGL,volatility,low_volatility,115,0.01181725934286452,0.01602674200655332,0.47826086956521741,0.5130434782608696,reportable
persistence_baseline,zero_return__direction_persistence,zero_return__direction_persistence_v1,not_applicable,D4,GOOGL,transition,transition,3,0.011960618653699502,0.014083616098520787,0.66666666666666663,0.33333333333333331,descriptive_low_n
persistence_baseline,zero_return__direction_persistence,zero_return__direction_persistence_v1,not_applicable,D4,GOOGL,transition,stable,247,0.013926413200489884,0.019254559819136891,0.50202429149797567,0.54655870445344135,reportable
persistence_baseline,zero_return__direction_persistence,zero_return__direction_persistence_v1,not_applicable,D4,NVDA,trend,negative_trend,53,0.020135632268394099,0.02412047469258469,0.60377358490566035,0.69811320754716977,reportable
persistence_baseline,zero_return__direction_persistence,zero_return__direction_persistence_v1,not_applicable,D4,NVDA,trend,positive_trend,197,0.021432017371430346,0.031159533487275515,0.54314720812182737,0.53299492385786806,reportable
persistence_baseline,zero_return__direction_persistence,zero_return__direction_persistence_v1,not_applicable,D4,NVDA,volatility,high_volatility,135,0.023867993978080811,0.034448144726776903,0.59259259259259256,0.61481481481481481,reportable
persistence_baseline,zero_return__direction_persistence,zero_return__direction_persistence_v1,not_applicable,D4,NVDA,volatility,low_volatility,115,0.017974928220484826,0.023201336463505726,0.5130434782608696,0.5130434782608696,reportable
persistence_baseline,zero_return__direction_persistence,zero_return__direction_persistence_v1,not_applicable,D4,NVDA,transition,transition,3,0.007507525713240734,0.0095974327726050697,1,0.33333333333333331,descriptive_low_n
persistence_baseline,zero_return__direction_persistence,zero_return__direction_persistence_v1,not_applicable,D4,NVDA,transition,stable,247,0.021322969049623251,0.029968234232738741,0.55060728744939269,0.57085020242914974,reportable
persistence_baseline,zero_return__direction_persistence,zero_return__direction_persistence_v1,not_applicable,D5,AAPL,trend,negative_trend,0,,,,,descriptive_low_n
persistence_baseline,zero_return__direction_persistence,zero_return__direction_persistence_v1,not_applicable,D5,AAPL,trend,positive_trend,252,0.01042704355729282,0.014245092785302676,0.53174603174603174,0.56349206349206349,reportable
persistence_baseline,zero_return__direction_persistence,zero_return__direction_persistence_v1,not_applicable,D5,AAPL,volatility,high_volatility,93,0.0098626891475194177,0.013848648106794573,0.4946236559139785,0.59139784946236562,reportable
persistence_baseline,zero_return__direction_persistence,zero_return__direction_persistence_v1,not_applicable,D5,AAPL,volatility,low_volatility,159,0.010757137646028205,0.014471942577901107,0.55345911949685533,0.54716981132075471,reportable
persistence_baseline,zero_return__direction_persistence,zero_return__direction_persistence_v1,not_applicable,D5,AAPL,transition,transition,35,0.0090211979694761885,0.012581444172651401,0.5714285714285714,0.7142857142857143,reportable
persistence_baseline,zero_return__direction_persistence,zero_return__direction_persistence_v1,not_applicable,D5,AAPL,transition,stable,217,0.01065379284565034,0.014495552574096255,0.52534562211981561,0.53917050691244239,reportable
persistence_baseline,zero_return__direction_persistence,zero_return__direction_persistence_v1,not_applicable,D5,MSFT,trend,negative_trend,0,,,,,descriptive_low_n
persistence_baseline,zero_return__direction_persistence,zero_return__direction_persistence_v1,not_applicable,D5,MSFT,trend,positive_trend,252,0.0094642114863573313,0.012625534427869877,0.52777777777777779,0.5357142857142857,reportable
persistence_baseline,zero_return__direction_persistence,zero_return__direction_persistence_v1,not_applicable,D5,MSFT,volatility,high_volatility,93,0.0095628006636421115,0.012129291363498143,0.55913978494623651,0.5268817204301075,reportable
persistence_baseline,zero_return__direction_persistence,zero_return__direction_persistence_v1,not_applicable,D5,MSFT,volatility,low_volatility,159,0.0094065461185115166,0.01290694932541203,0.50943396226415094,0.54088050314465408,reportable
persistence_baseline,zero_return__direction_persistence,zero_return__direction_persistence_v1,not_applicable,D5,MSFT,transition,transition,35,0.0089226602229497427,0.011642770358846699,0.5714285714285714,0.51428571428571423,reportable
persistence_baseline,zero_return__direction_persistence,zero_return__direction_persistence_v1,not_applicable,D5,MSFT,transition,stable,217,0.0095515584643262944,0.012776967428921813,0.52073732718894006,0.53917050691244239,reportable
persistence_baseline,zero_return__direction_persistence,zero_return__direction_persistence_v1,not_applicable,D5,GOOGL,trend,negative_trend,0,,,,,descriptive_low_n
persistence_baseline,zero_return__direction_persistence,zero_return__direction_persistence_v1,not_applicable,D5,GOOGL,trend,positive_trend,252,0.012755270408194814,0.017635075694171842,0.52380952380952384,0.59126984126984128,reportable
persistence_baseline,zero_return__direction_persistence,zero_return__direction_persistence_v1,not_applicable,D5,GOOGL,volatility,high_volatility,93,0.012449842285892507,0.015870829573956229,0.56989247311827962,0.56989247311827962,reportable
persistence_baseline,zero_return__direction_persistence,zero_return__direction_persistence_v1,not_applicable,D5,GOOGL,volatility,low_volatility,159,0.012933917045767863,0.01858954615224305,0.49685534591194969,0.60377358490566035,reportable
persistence_baseline,zero_return__direction_persistence,zero_return__direction_persistence_v1,not_applicable,D5,GOOGL,transition,transition,35,0.014109293584517667,0.018781196995124764,0.51428571428571423,0.54285714285714282,reportable
persistence_baseline,zero_return__direction_persistence,zero_return__direction_persistence_v1,not_applicable,D5,GOOGL,transition,stable,217,0.01253687957330403,0.017443166152154497,0.52534562211981561,0.59907834101382484,reportable
persistence_baseline,zero_return__direction_persistence,zero_return__direction_persistence_v1,not_applicable,D5,NVDA,trend,negative_trend,0,,,,,descriptive_low_n
persistence_baseline,zero_return__direction_persistence,zero_return__direction_persistence_v1,not_applicable,D5,NVDA,trend,positive_trend,252,0.024782211471411471,0.032971145117216501,0.49206349206349204,0.55555555555555558,reportable
persistence_baseline,zero_return__direction_persistence,zero_return__direction_persistence_v1,not_applicable,D5,NVDA,volatility,high_volatility,93,0.025391251947432639,0.033635664105721594,0.44086021505376344,0.5268817204301075,reportable
persistence_baseline,zero_return__direction_persistence,zero_return__direction_persistence_v1,not_applicable,D5,NVDA,volatility,low_volatility,159,0.024425980249587767,0.032576181706880938,0.5220125786163522,0.57232704402515722,reportable
persistence_baseline,zero_return__direction_persistence,zero_return__direction_persistence_v1,not_applicable,D5,NVDA,transition,transition,35,0.029594570451899355,0.039696834985215999,0.42857142857142855,0.59999999999999998,reportable
persistence_baseline,zero_return__direction_persistence,zero_return__direction_persistence_v1,not_applicable,D5,NVDA,transition,stable,217,0.02400602453907472,0.031753220427501484,0.50230414746543783,0.54838709677419351,reportable
