model,model_config_id,seed,fold,asset,regime_dimension,regime_value,n,mae,rmse,directional_accuracy,actual_positive_direction_balance,sample_size_status,matched_baseline_mae,mae_skill,matched_direction_persistence_da,da_difference
lightgbm,LGBM_01,1729,D1,AAPL,trend,negative_trend,64,0.028527885427459085,0.041452237227416623,0.46875,0.515625,reportable,0.028525808576348,-7.280603827664045e-05,0.375,0.09375
lightgbm,LGBM_01,1729,D1,AAPL,trend,positive_trend,189,0.017642300909933462,0.023907831953691353,0.55555555555555558,0.55026455026455023,reportable,0.017722484301441809,0.0045243877858491821,0.41269841269841268,0.1428571428571429
lightgbm,LGBM_01,1729,D1,AAPL,volatility,high_volatility,220,0.021081570057765668,0.030292125605946491,0.52727272727272723,0.54545454545454541,reportable,0.021132277004924684,0.0023995022943906763,0.39545454545454545,0.13181818181818178
lightgbm,LGBM_01,1729,D1,AAPL,volatility,low_volatility,33,0.015825276564435137,0.022105158429583553,0.5757575757575758,0.51515151515151514,reportable,0.015942434568949782,0.0073488151391147838,0.45454545454545453,0.12121212121212127
lightgbm,LGBM_01,1729,D1,AAPL,transition,transition,91,0.027068910409513196,0.038058550532695669,0.47252747252747251,0.50549450549450547,reportable,0.027070341012530624,5.2847617130757918e-05,0.34065934065934067,0.13186813186813184
lightgbm,LGBM_01,1729,D1,AAPL,transition,stable,162,0.016647584518945092,0.02306601365702067,0.5679012345679012,0.56172839506172845,reportable,0.016739507714311649,0.0054913917980973226,0.43827160493827161,0.12962962962962959
lightgbm,LGBM_01,1729,D1,MSFT,trend,negative_trend,64,0.030126601548763891,0.043151705868190907,0.53125,0.546875,reportable,0.03017951900457146,0.0017534227699107507,0.34375,0.1875
lightgbm,LGBM_01,1729,D1,MSFT,trend,positive_trend,189,0.014710005470494891,0.019634119515260898,0.544973544973545,0.5714285714285714,reportable,0.014718616706167996,0.00058505740349201751,0.42857142857142855,0.11640211640211645
lightgbm,LGBM_01,1729,D1,MSFT,volatility,high_volatility,220,0.019573143505550627,0.028875060653778813,0.53181818181818186,0.55909090909090908,reportable,0.019551432149232571,-0.0011104739618221782,0.40909090909090912,0.12272727272727274
lightgbm,LGBM_01,1729,D1,MSFT,volatility,low_volatility,33,0.012187938237069228,0.016145642641129242,0.60606060606060608,0.60606060606060608,reportable,0.012484627300823031,0.023764350877678586,0.39393939393939392,0.21212121212121215
lightgbm,LGBM_01,1729,D1,MSFT,transition,transition,91,0.026582391253483301,0.038393247587572586,0.53846153846153844,0.5714285714285714,reportable,0.026824170658166297,0.0090134903987940662,0.36263736263736263,0.17582417582417581
lightgbm,LGBM_01,1729,D1,MSFT,transition,stable,162,0.014131456351712614,0.018904231323920946,0.54320987654320985,0.56172839506172845,reportable,0.014026594097933286,-0.0074759598122811077,0.43209876543209874,0.1111111111111111
lightgbm,LGBM_01,1729,D1,GOOGL,trend,negative_trend,64,0.025736183888316732,0.03656137423143109,0.5625,0.5625,reportable,0.026230955280477447,0.018862118701752029,0.359375,0.203125
lightgbm,LGBM_01,1729,D1,GOOGL,trend,positive_trend,189,0.013560522351218761,0.018161720487951265,0.51322751322751325,0.57671957671957674,reportable,0.0135764918814662,0.0011762633813554579,0.46031746031746029,0.052910052910052963
lightgbm,LGBM_01,1729,D1,GOOGL,volatility,high_volatility,220,0.017271253000159754,0.02514385814578619,0.52727272727272723,0.55454545454545456,reportable,0.017424254098311165,0.008780926706425829,0.43181818181818182,0.095454545454545403
lightgbm,LGBM_01,1729,D1,GOOGL,volatility,low_volatility,33,0.012435722218105167,0.016334828155409271,0.51515151515151514,0.69696969696969702,reportable,0.012466733391491279,0.002487513963142729,0.45454545454545453,0.060606060606060608
lightgbm,LGBM_01,1729,D1,GOOGL,transition,transition,91,0.022219716993460942,0.031713150527530494,0.53846153846153844,0.56043956043956045,reportable,0.022571858564219522,0.015600911628818492,0.36263736263736263,0.17582417582417581
lightgbm,LGBM_01,1729,D1,GOOGL,transition,stable,162,0.013506544733504143,0.018653996081343535,0.51851851851851849,0.58024691358024694,reportable,0.013522833174096865,0.00120451390496501,0.47530864197530864,0.043209876543209846
lightgbm,LGBM_01,1729,D1,NVDA,trend,negative_trend,64,0.04130542720387579,0.055421625953526135,0.546875,0.546875,reportable,0.041597267237162526,0.00701584629641272,0.359375,0.1875
lightgbm,LGBM_01,1729,D1,NVDA,trend,positive_trend,189,0.020397673589442503,0.027279149879559372,0.59788359788359791,0.59788359788359791,reportable,0.020696093398823483,0.014419137159380258,0.49206349206349204,0.10582010582010587
lightgbm,LGBM_01,1729,D1,NVDA,volatility,high_volatility,220,0.027121285959666973,0.037952244248819711,0.57727272727272727,0.57727272727272727,reportable,0.027389379590445292,0.0097882330592052869,0.43636363636363634,0.14090909090909093
lightgbm,LGBM_01,1729,D1,NVDA,volatility,low_volatility,33,0.016121961767453064,0.024828093660606784,0.63636363636363635,0.63636363636363635,reportable,0.016609795322972003,0.029370232807399255,0.60606060606060608,0.030303030303030276
lightgbm,LGBM_01,1729,D1,NVDA,transition,transition,91,0.037429584967163837,0.050146073568402547,0.59340659340659341,0.59340659340659341,reportable,0.037904924887173876,0.012540320853422493,0.38461538461538464,0.20879120879120877
lightgbm,LGBM_01,1729,D1,NVDA,transition,stable,162,0.019090218626177626,0.025866841367787212,0.58024691358024694,0.58024691358024694,reportable,0.019286657968044553,0.010185245271233656,0.5,0.080246913580246937
lightgbm,LGBM_02,1729,D2,AAPL,trend,negative_trend,2,0.0075124036023625001,0.007516789113905931,0.5,0.5,descriptive_low_n,0.009154200806845,0.17934904849966316,0.5,0
lightgbm,LGBM_02,1729,D2,AAPL,trend,positive_trend,250,0.012246342333264859,0.015937809717635365,0.52800000000000002,0.53200000000000003,reportable,0.012192059770411365,-0.0044522881183071128,0.5,0.028000000000000025
lightgbm,LGBM_02,1729,D2,AAPL,volatility,high_volatility,144,0.012638407424019404,0.01638876516357993,0.4861111111111111,0.5,reportable,0.012401370995443715,-0.019113727721134621,0.45833333333333331,0.02777777777777779
lightgbm,LGBM_02,1729,D2,AAPL,volatility,low_volatility,108,0.011635923346871717,0.015196020156829226,0.58333333333333337,0.57407407407407407,reportable,0.011856721489561449,0.018622191883660322,0.55555555555555558,0.02777777777777779
lightgbm,LGBM_02,1729,D2,AAPL,transition,transition,52,0.013208104218981291,0.016796847069283506,0.51923076923076927,0.51923076923076927,reportable,0.013516336228123826,0.022804405272279893,0.46153846153846156,0.057692307692307709
lightgbm,LGBM_02,1729,D2,AAPL,transition,stable,200,0.011948944855669563,0.015643765079045267,0.53000000000000003,0.53500000000000003,reportable,0.011817369301770464,-0.011134081582724775,0.51000000000000001,0.020000000000000018
lightgbm,LGBM_02,1729,D2,MSFT,trend,negative_trend,2,0.013927463115701158,0.014109154386211416,0.5,1,descriptive_low_n,0.015701864376864352,0.11300576916061356,0,0.5
lightgbm,LGBM_02,1729,D2,MSFT,trend,positive_trend,250,0.010168654621806569,0.013204576563494512,0.50800000000000001,0.52400000000000002,reportable,0.010087321850274984,-0.0080628706745753398,0.5,0.0080000000000000071
lightgbm,LGBM_02,1729,D2,MSFT,volatility,high_volatility,144,0.010650702241858575,0.013701472741270869,0.51388888888888884,0.54166666666666663,reportable,0.010699905945041591,0.0045985173548014346,0.47222222222222221,0.04166666666666663
lightgbm,LGBM_02,1729,D2,MSFT,volatility,low_volatility,108,0.0095955320264389816,0.012529659579039839,0.5,0.5092592592592593,reportable,0.0093745160670044916,-0.023576252667847131,0.52777777777777779,-0.02777777777777779
lightgbm,LGBM_02,1729,D2,MSFT,transition,transition,52,0.011614449878502804,0.014963145857488458,0.61538461538461542,0.59615384615384615,reportable,0.012093613058002328,0.039621176665848634,0.42307692307692307,0.19230769230769235
lightgbm,LGBM_02,1729,D2,MSFT,transition,stable,200,0.0098303359400044935,0.012717265599325272,0.47999999999999998,0.51000000000000001,reportable,0.0096218315615317681,-0.021669926057147793,0.51500000000000001,-0.035000000000000031
lightgbm,LGBM_02,1729,D2,GOOGL,trend,negative_trend,2,0.012276690440295201,0.013150157849842546,1,1,descriptive_low_n,0.012898788048398951,0.048229151899349731,0,1
lightgbm,LGBM_02,1729,D2,GOOGL,trend,positive_trend,250,0.010894274319704529,0.015227652679690944,0.56799999999999995,0.56799999999999995,reportable,0.011043204576597829,0.013486144883062767,0.50800000000000001,0.059999999999999942
lightgbm,LGBM_02,1729,D2,GOOGL,volatility,high_volatility,144,0.011224211867860589,0.015832227069793713,0.59027777777777779,0.59027777777777779,reportable,0.011450653560951141,0.01977543830884565,0.47222222222222221,0.11805555555555558
lightgbm,LGBM_02,1729,D2,GOOGL,volatility,low_volatility,108,0.010479957887359235,0.014344068725753466,0.54629629629629628,0.54629629629629628,reportable,0.01053430192101195,0.0051587693290164882,0.54629629629629628,0
lightgbm,LGBM_02,1729,D2,GOOGL,transition,transition,52,0.011306847992325538,0.015833765940222361,0.61538461538461542,0.61538461538461542,reportable,0.011622591469613558,0.027166357702024468,0.5,0.11538461538461542
lightgbm,LGBM_02,1729,D2,GOOGL,transition,stable,200,0.010800829326028971,0.015046491510662788,0.56000000000000005,0.56000000000000005,reportable,0.010911119819131752,0.010108081932103441,0.505,0.055000000000000049
lightgbm,LGBM_02,1729,D2,NVDA,trend,negative_trend,2,0.022306732459207102,0.02458026414208345,1,1,descriptive_low_n,0.024336179130442649,0.083392165235045779,0,1
lightgbm,LGBM_02,1729,D2,NVDA,trend,positive_trend,250,0.021584737776100732,0.028562481697937337,0.49199999999999999,0.53200000000000003,reportable,0.021311011023833322,-0.012844381337013377,0.48799999999999999,0.0040000000000000036
lightgbm,LGBM_02,1729,D2,NVDA,volatility,high_volatility,144,0.022100361048402215,0.02900244085103261,0.54166666666666663,0.55555555555555558,reportable,0.022279469343911042,0.0080391634443383042,0.50694444444444442,0.03472222222222221
lightgbm,LGBM_02,1729,D2,NVDA,volatility,low_volatility,108,0.020910610351608124,0.027894947124932404,0.43518518518518517,0.5092592592592593,reportable,0.020075754895333569,-0.04158525846859229,0.45370370370370372,-0.018518518518518545
lightgbm,LGBM_02,1729,D2,NVDA,transition,transition,52,0.024235537484896652,0.031506270309815537,0.48076923076923078,0.51923076923076927,reportable,0.024057880641101412,-0.0073845591989396553,0.46153846153846156,0.019230769230769218
lightgbm,LGBM_02,1729,D2,NVDA,transition,stable,200,0.020902749798644857,0.027707821583211122,0.5,0.54000000000000004,reportable,0.020627076604409714,-0.013364627451677213,0.48999999999999999,0.010000000000000009
lightgbm,LGBM_01,1729,D3,AAPL,trend,negative_trend,196,0.018675547010290887,0.023691827054823603,0.50510204081632648,0.48979591836734693,reportable,0.018004695023122855,-0.037259836187532036,0.5,0.0051020408163264808
lightgbm,LGBM_01,1729,D3,AAPL,trend,positive_trend,55,0.01646340375901308,0.020881781529747075,0.43636363636363634,0.40000000000000002,reportable,0.015062561618059524,-0.093001587410868503,0.54545454545454541,-0.10909090909090907
lightgbm,LGBM_01,1729,D3,AAPL,volatility,high_volatility,251,0.018190814425349536,0.023105337093600468,0.49003984063745021,0.47011952191235062,reportable,0.017360004436355988,-0.047857706029938329,0.50996015936254979,-0.019920318725099584
lightgbm,LGBM_01,1729,D3,AAPL,volatility,low_volatility,0,,,,,descriptive_low_n,,,,
lightgbm,LGBM_01,1729,D3,AAPL,transition,transition,57,0.019454877980934603,0.025119309995142888,0.50877192982456143,0.54385964912280704,reportable,0.018209435665665723,-0.06839543729612596,0.50877192982456143,0
lightgbm,LGBM_01,1729,D3,AAPL,transition,stable,194,0.017819414308502372,0.022479333266932359,0.4845360824742268,0.4484536082474227,reportable,0.017110429281352615,-0.04143584100034392,0.51030927835051543,-0.025773195876288624
lightgbm,LGBM_01,1729,D3,MSFT,trend,negative_trend,196,0.018418899370234852,0.023336608761441707,0.48979591836734693,0.48979591836734693,reportable,0.018361954676141084,-0.0031012326899901854,0.5,-0.010204081632653073
lightgbm,LGBM_01,1729,D3,MSFT,trend,positive_trend,55,0.013518374408754048,0.018442249395620901,0.36363636363636365,0.36363636363636365,reportable,0.012996384342565779,-0.040164252797498801,0.52727272727272723,-0.16363636363636358
lightgbm,LGBM_01,1729,D3,MSFT,volatility,high_volatility,251,0.017345079159551812,0.022356000773373349,0.46215139442231074,0.46215139442231074,reportable,0.017186232093086729,-0.0092426929652009715,0.50597609561752988,-0.04382470119521914
lightgbm,LGBM_01,1729,D3,MSFT,volatility,low_volatility,0,,,,,descriptive_low_n,,,,
lightgbm,LGBM_01,1729,D3,MSFT,transition,transition,57,0.018322554098982608,0.022986211907754139,0.49122807017543857,0.50877192982456143,reportable,0.018201322357462277,-0.0066606007596270445,0.52631578947368418,-0.035087719298245612
lightgbm,LGBM_01,1729,D3,MSFT,transition,stable,194,0.017057882914461316,0.022167430478168524,0.45360824742268041,0.4484536082474227,reportable,0.016887983922625877,-0.010060347796033486,0.5,-0.046391752577319589
lightgbm,LGBM_01,1729,D3,GOOGL,trend,negative_trend,196,0.020184761714793151,0.025638269492279819,0.46938775510204084,0.47448979591836737,reportable,0.020068293172923479,-0.0058036097472811132,0.52040816326530615,-0.051020408163265307
lightgbm,LGBM_01,1729,D3,GOOGL,trend,positive_trend,55,0.014753151449703461,0.02056721452529988,0.36363636363636365,0.36363636363636365,reportable,0.014087538845999751,-0.047248324280057874,0.49090909090909091,-0.12727272727272726
lightgbm,LGBM_01,1729,D3,GOOGL,volatility,high_volatility,251,0.018994568230410951,0.024616618645226438,0.44621513944223107,0.45019920318725098,reportable,0.018757769316426243,-0.012624044468728002,0.51394422310756971,-0.067729083665338641
lightgbm,LGBM_01,1729,D3,GOOGL,volatility,low_volatility,0,,,,,descriptive_low_n,,,,
lightgbm,LGBM_01,1729,D3,GOOGL,transition,transition,57,0.01816396682207945,0.022941017099847069,0.45614035087719296,0.49122807017543857,reportable,0.017983269352253469,-0.010048087824661156,0.49122807017543857,-0.035087719298245612
lightgbm,LGBM_01,1729,D3,GOOGL,transition,stable,194,0.019238610912240307,0.025087672164290923,0.44329896907216493,0.43814432989690721,reportable,0.018985328584250206,-0.013340950453721412,0.52061855670103097,-0.077319587628866038
lightgbm,LGBM_01,1729,D3,NVDA,trend,negative_trend,196,0.03273141807448321,0.040480351277148302,0.50510204081632648,0.50510204081632648,reportable,0.032799896831423592,0.0020877735467380587,0.5714285714285714,-0.066326530612244916
lightgbm,LGBM_01,1729,D3,NVDA,trend,positive_trend,55,0.029801011106664336,0.038205407142820752,0.41818181818181815,0.41818181818181815,reportable,0.029304358621432804,-0.016948075596791456,0.50909090909090904,-0.090909090909090884
lightgbm,LGBM_01,1729,D3,NVDA,volatility,high_volatility,251,0.032089297025757954,0.039992930399579969,0.48605577689243029,0.48605577689243029,reportable,0.032033942243577009,-0.0017280040576974631,0.55776892430278879,-0.071713147410358502
lightgbm,LGBM_01,1729,D3,NVDA,volatility,low_volatility,0,,,,,descriptive_low_n,,,,
lightgbm,LGBM_01,1729,D3,NVDA,transition,transition,57,0.032106813208141009,0.039831030557928762,0.54385964912280704,0.54385964912280704,reportable,0.032329553570205782,0.006889682580400569,0.47368421052631576,0.07017543859649128
lightgbm,LGBM_01,1729,D3,NVDA,transition,stable,194,0.032084150518562934,0.040040374484321857,0.46907216494845361,0.46907216494845361,reportable,0.031947087369258241,-0.0042903175403898874,0.58247422680412375,-0.11340206185567014
lightgbm,LGBM_03,1729,D4,AAPL,trend,negative_trend,53,0.010325810217534214,0.012796301693685992,0.62264150943396224,0.62264150943396224,reportable,0.010492038078540435,0.015843238440604757,0.50943396226415094,0.1132075471698113
lightgbm,LGBM_03,1729,D4,AAPL,trend,positive_trend,197,0.0096156360878341274,0.012790998271184739,0.54314720812182737,0.54314720812182737,reportable,0.0096562661282152649,0.0042076346945759679,0.49746192893401014,0.045685279187817229
lightgbm,LGBM_03,1729,D4,AAPL,volatility,high_volatility,135,0.010403595254963333,0.013446743542504927,0.59259259259259256,0.59259259259259256,reportable,0.010520003799676225,0.011065447021651686,0.49629629629629629,0.096296296296296269
lightgbm,LGBM_03,1729,D4,AAPL,volatility,low_volatility,115,0.0090179381861964069,0.011978091668089434,0.52173913043478259,0.52173913043478259,reportable,0.0090274950649109585,0.0010586412560554814,0.5043478260869565,0.017391304347826098
lightgbm,LGBM_03,1729,D4,AAPL,transition,transition,3,0.0057322171085530671,0.0092490376814780839,0.66666666666666663,0.66666666666666663,descriptive_low_n,0.0060244155246354002,0.048502367555401493,0.66666666666666663,0
lightgbm,LGBM_03,1729,D4,AAPL,transition,stable,247,0.0098151886619715703,0.012829143065466423,0.5587044534412956,0.5587044534412956,reportable,0.009879713355656454,0.0065310289238240671,0.49797570850202427,0.060728744939271329
lightgbm,LGBM_03,1729,D4,MSFT,trend,negative_trend,53,0.011844883296873202,0.015125736425595922,0.67924528301886788,0.67924528301886788,reportable,0.012183776826479659,0.02781514586428746,0.52830188679245282,0.15094339622641506
lightgbm,LGBM_03,1729,D4,MSFT,trend,positive_trend,197,0.012026720866594762,0.015873887073087147,0.51776649746192893,0.51776649746192893,reportable,0.012022311730738418,-0.00036674609302234096,0.51269035532994922,0.0050761421319797106
lightgbm,LGBM_03,1729,D4,MSFT,volatility,high_volatility,135,0.012629872469313741,0.016125537024539262,0.55555555555555558,0.55555555555555558,reportable,0.012719398997786154,0.007038581656884535,0.51851851851851849,0.03703703703703709
lightgbm,LGBM_03,1729,D4,MSFT,volatility,low_volatility,115,0.011234869931270368,0.015226244115072833,0.54782608695652169,0.54782608695652169,reportable,0.011278406243980521,0.0038601475925190698,0.5130434782608696,0.034782608695652084
lightgbm,LGBM_03,1729,D4,MSFT,transition,transition,3,0.0096656592592751656,0.01186463458595175,0,0,descriptive_low_n,0.0087414079876306002,-0.10573254022148526,0.33333333333333331,-0.33333333333333331
lightgbm,LGBM_03,1729,D4,MSFT,transition,stable,247,0.012016379950103734,0.015759267879979891,0.5587044534412956,0.5587044534412956,reportable,0.012096807120631574,0.0066486279995874309,0.51821862348178138,0.040485829959514219
lightgbm,LGBM_03,1729,D4,GOOGL,trend,negative_trend,53,0.013482493789481433,0.020113724249812257,0.62264150943396224,0.62264150943396224,reportable,0.01376380905651913,0.020438765597700081,0.43396226415094341,0.18867924528301883
lightgbm,LGBM_03,1729,D4,GOOGL,trend,positive_trend,197,0.013941207145842615,0.018851275706715246,0.52284263959390864,0.52284263959390864,reportable,0.013940223535464903,-7.0559153890759063e-05,0.52284263959390864,0
lightgbm,LGBM_03,1729,D4,GOOGL,volatility,high_volatility,135,0.015535679855721463,0.021422150030232338,0.57037037037037042,0.57037037037037042,reportable,0.015679415496686517,0.0091671555610877142,0.52592592592592591,0.044444444444444509
lightgbm,LGBM_03,1729,D4,GOOGL,volatility,low_volatility,115,0.011858027809140114,0.016015519410158191,0.5130434782608696,0.5130434782608696,reportable,0.01181725934286452,-0.0034499087387982463,0.47826086956521741,0.034782608695652195
lightgbm,LGBM_03,1729,D4,GOOGL,transition,transition,3,0.0123318107661093,0.014873123469559085,0.33333333333333331,0.33333333333333331,descriptive_low_n,0.011960618653699502,-0.031034524480469505,0.66666666666666663,-0.33333333333333331
lightgbm,LGBM_03,1729,D4,GOOGL,transition,stable,247,0.013862326098280092,0.019171731766096104,0.54655870445344135,0.54655870445344135,reportable,0.013926413200489884,0.0046018383403658714,0.50202429149797567,0.044534412955465674
lightgbm,LGBM_03,1729,D4,NVDA,trend,negative_trend,53,0.019313566826331063,0.023769036193958138,0.64150943396226412,0.69811320754716977,reportable,0.020135632268394099,0.040826403219202168,0.60377358490566035,0.037735849056603765
lightgbm,LGBM_03,1729,D4,NVDA,trend,positive_trend,197,0.021360097667650218,0.030900354013910565,0.52284263959390864,0.53299492385786806,reportable,0.021432017371430346,0.0033557132085941799,0.54314720812182737,-0.020304568527918732
lightgbm,LGBM_03,1729,D4,NVDA,volatility,high_volatility,135,0.023452394827069491,0.034025921357122554,0.57777777777777772,0.61481481481481481,reportable,0.023867993978080811,0.017412403882495764,0.59259259259259256,-0.014814814814814836
lightgbm,LGBM_03,1729,D4,NVDA,volatility,low_volatility,115,0.017960738962332672,0.023171775665113803,0.5130434782608696,0.5130434782608696,reportable,0.017974928220484826,0.00078939164474567391,0.5130434782608696,0
lightgbm,LGBM_03,1729,D4,NVDA,transition,transition,3,0.0091653742288470008,0.011368368086873817,0.33333333333333331,0.33333333333333331,descriptive_low_n,0.007507525713240734,-0.22082488677759482,1,-0.66666666666666674
lightgbm,LGBM_03,1729,D4,NVDA,transition,stable,247,0.021069077569376916,0.029685082333540509,0.55060728744939269,0.57085020242914974,reportable,0.021322969049623251,0.011906947838993376,0.55060728744939269,0
lightgbm,LGBM_01,1729,D5,AAPL,trend,negative_trend,0,,,,,descriptive_low_n,,,,
lightgbm,LGBM_01,1729,D5,AAPL,trend,positive_trend,252,0.010377142696272412,0.014220464774960591,0.56349206349206349,0.56349206349206349,reportable,0.01042704355729282,0.0047857152169952233,0.53174603174603174,0.031746031746031744
lightgbm,LGBM_01,1729,D5,AAPL,volatility,high_volatility,93,0.0097402379866515804,0.013758797519001997,0.59139784946236562,0.59139784946236562,reportable,0.0098626891475194177,0.012415595689603043,0.4946236559139785,0.096774193548387122
lightgbm,LGBM_01,1729,D5,AAPL,volatility,low_volatility,159,0.010749671866050635,0.014483677320700623,0.54716981132075471,0.54716981132075471,reportable,0.010757137646028205,0.00069403034740633807,0.55345911949685533,-0.0062893081761006275
lightgbm,LGBM_01,1729,D5,AAPL,transition,transition,35,0.0086921561519688242,0.012504540430214945,0.7142857142857143,0.7142857142857143,reportable,0.0090211979694761885,0.036474292950969378,0.5714285714285714,0.1428571428571429
lightgbm,LGBM_01,1729,D5,AAPL,transition,stable,217,0.010648914719547183,0.014478193397945639,0.53917050691244239,0.53917050691244239,reportable,0.01065379284565034,0.00045787694334120665,0.52534562211981561,0.013824884792626779
lightgbm,LGBM_01,1729,D5,MSFT,trend,negative_trend,0,,,,,descriptive_low_n,,,,
lightgbm,LGBM_01,1729,D5,MSFT,trend,positive_trend,252,0.0095588829030841104,0.012738797402838262,0.51190476190476186,0.5357142857142857,reportable,0.0094642114863573313,-0.010003096070205997,0.52777777777777779,-0.015873015873015928
lightgbm,LGBM_01,1729,D5,MSFT,volatility,high_volatility,93,0.0096708788369924987,0.012253094140188063,0.44086021505376344,0.5268817204301075,reportable,0.0095628006636421115,-0.011301937283007657,0.55913978494623651,-0.11827956989247307
lightgbm,LGBM_01,1729,D5,MSFT,volatility,low_volatility,159,0.0094933758474018432,0.013014488865258944,0.55345911949685533,0.54088050314465408,reportable,0.0094065461185115166,-0.0092307769287869323,0.50943396226415094,0.044025157232704393
lightgbm,LGBM_01,1729,D5,MSFT,transition,transition,35,0.0090948497866132558,0.011978342408914613,0.40000000000000002,0.51428571428571423,reportable,0.0089226602229497427,-0.019298007473222967,0.5714285714285714,-0.17142857142857137
lightgbm,LGBM_01,1729,D5,MSFT,transition,stable,217,0.0096337269541277946,0.012857239832488638,0.52995391705069128,0.53917050691244239,reportable,0.0095515584643262944,-0.0086026264832474997,0.52073732718894006,0.0092165898617512232
lightgbm,LGBM_01,1729,D5,GOOGL,trend,negative_trend,0,,,,,descriptive_low_n,,,,
lightgbm,LGBM_01,1729,D5,GOOGL,trend,positive_trend,252,0.012451104699920707,0.017488535630761186,0.58333333333333337,0.59126984126984128,reportable,0.012755270408194814,0.023846276757777729,0.52380952380952384,0.059523809523809534
lightgbm,LGBM_01,1729,D5,GOOGL,volatility,high_volatility,93,0.01219586524351313,0.015903392170853368,0.56989247311827962,0.56989247311827962,reportable,0.012449842285892507,0.020400020863490798,0.56989247311827962,0
lightgbm,LGBM_01,1729,D5,GOOGL,volatility,low_volatility,159,0.012600395702725134,0.018352343655777512,0.5911949685534591,0.60377358490566035,reportable,0.012933917045767863,0.025786568899625162,0.49685534591194969,0.094339622641509413
lightgbm,LGBM_01,1729,D5,GOOGL,transition,transition,35,0.013998025790995183,0.019163265473767555,0.51428571428571423,0.54285714285714282,reportable,0.014109293584517667,0.0078861349688392757,0.51428571428571423,0
lightgbm,LGBM_01,1729,D5,GOOGL,transition,stable,217,0.012201601298134501,0.017203156038479113,0.59447004608294929,0.59907834101382484,reportable,0.01253687957330403,0.026743359319129856,0.52534562211981561,0.069124423963133674
lightgbm,LGBM_01,1729,D5,NVDA,trend,negative_trend,0,,,,,descriptive_low_n,,,,
lightgbm,LGBM_01,1729,D5,NVDA,trend,positive_trend,252,0.024603051559967296,0.032788735368621626,0.55555555555555558,0.55555555555555558,reportable,0.024782211471411471,0.0072293754595247339,0.49206349206349204,0.063492063492063544
lightgbm,LGBM_01,1729,D5,NVDA,volatility,high_volatility,93,0.025270838472249518,0.03364292278435245,0.5268817204301075,0.5268817204301075,reportable,0.025391251947432639,0.0047423213094184291,0.44086021505376344,0.086021505376344065
lightgbm,LGBM_01,1729,D5,NVDA,volatility,low_volatility,159,0.02421245921504751,0.032278640690699807,0.57232704402515722,0.57232704402515722,reportable,0.024425980249587767,0.008741554376056615,0.5220125786163522,0.05031446540880502
lightgbm,LGBM_01,1729,D5,NVDA,transition,transition,35,0.028999754178309814,0.039364736946832693,0.59999999999999998,0.59999999999999998,reportable,0.029594570451899355,0.020098831120266114,0.42857142857142855,0.17142857142857143
lightgbm,LGBM_01,1729,D5,NVDA,transition,stable,217,0.023893905976363664,0.031600188566290835,0.54838709677419351,0.54838709677419351,reportable,0.02400602453907472,0.0046704343956892602,0.50230414746543783,0.046082949308755672
