model,model_config_id,fold,asset,regime_dimension,regime_value,n_seeds,n_per_seed,all_seed_cells_reportable,sample_size_status,mae_mean,mae_std,mae_min,mae_max,rmse_mean,rmse_std,rmse_min,rmse_max,directional_accuracy_mean,directional_accuracy_std,directional_accuracy_min,directional_accuracy_max,actual_positive_direction_balance_mean,actual_positive_direction_balance_std,actual_positive_direction_balance_min,actual_positive_direction_balance_max,matched_baseline_mae_mean,matched_baseline_mae_std,matched_baseline_mae_min,matched_baseline_mae_max,mae_skill_mean,mae_skill_std,mae_skill_min,mae_skill_max,matched_direction_persistence_da_mean,matched_direction_persistence_da_std,matched_direction_persistence_da_min,matched_direction_persistence_da_max,da_difference_mean,da_difference_std,da_difference_min,da_difference_max
lstm_seed_mean,LSTM_63,D1,AAPL,transition,stable,3,162,True,reportable,0.016876891359357774,0.00014362192871502676,0.01668943482015528,0.017038339065197108,0.023618030877782168,0.00026897777241035681,0.023400852577111966,0.023997080288349265,0.52469135802469136,0,0.52469135802469136,0.52469135802469136,0.56172839506172845,0,0.56172839506172845,0.56172839506172845,0.016739507714311649,0,0.016739507714311649,0.016739507714311649,-0.0082071496600026137,0.0085798179472288769,-0.017851860161333777,0.0029913002825978641,0.43827160493827161,0,0.43827160493827161,0.43827160493827161,0.086419753086419748,0,0.086419753086419748,0.086419753086419748
lstm_seed_mean,LSTM_63,D1,AAPL,transition,transition,3,91,True,reportable,0.028132567917248701,0.00034246050597669029,0.027789723735247143,0.028600236860353394,0.039070352528901613,0.00041830517221901422,0.038483217009507693,0.039426552046176469,0.49816849816849818,0.0051802694592420874,0.49450549450549453,0.50549450549450547,0.50549450549450547,0,0.50549450549450547,0.50549450549450547,0.027070341012530624,0,0.027070341012530624,0.027070341012530624,-0.039239509551297548,0.012650764385205572,-0.05651557352434522,-0.026574571867547636,0.34065934065934061,5.5511151231257827e-17,0.34065934065934067,0.34065934065934067,0.1575091575091575,0.0051802694592420874,0.15384615384615385,0.1648351648351648
lstm_seed_mean,LSTM_63,D1,AAPL,trend,negative_trend,3,64,True,reportable,0.029676593658259216,0.00069721913839553712,0.028740898493602923,0.030413750931364815,0.042753983928514185,0.00089054470898595442,0.041709077967996534,0.043885315770543012,0.546875,0.012757759076995719,0.53125,0.5625,0.515625,0,0.515625,0.515625,0.028525808576348,0,0.028525808576348,0.028525808576348,-0.040341891758517358,0.024441695895471665,-0.06618365786069913,-0.00754018651843813,0.375,0,0.375,0.375,0.171875,0.012757759076995719,0.15625,0.1875
lstm_seed_mean,LSTM_63,D1,AAPL,trend,positive_trend,3,189,True,reportable,0.01796200045797355,0.00033634502433825645,0.017491603219402404,0.018258328379186537,0.024368226157267789,0.00044346178895480391,0.023830008117679942,0.024916133569795877,0.50440917107583771,0.0049884076274183242,0.49735449735449733,0.50793650793650791,0.55026455026455023,0,0.55026455026455023,0.55026455026455023,0.017722484301441809,0,0.017722484301441809,0.017722484301441809,-0.013514818377480883,0.018978435450547629,-0.030235268861326325,0.013027580000204764,0.41269841269841273,5.5511151231257827e-17,0.41269841269841268,0.41269841269841268,0.091710758377425039,0.0049884076274183242,0.084656084656084651,0.095238095238095233
lstm_seed_mean,LSTM_63,D1,AAPL,volatility,high_volatility,3,220,True,reportable,0.021669768430896495,0.00027515866036202804,0.021425032474981228,0.022054141497487956,0.031111336158106892,0.00030224755175033282,0.030716980699065075,0.031451318659087103,0.51818181818181819,0.0098193040884967872,0.50909090909090904,0.53181818181818186,0.54545454545454541,0,0.54545454545454541,0.54545454545454541,0.021132277004924687,3.4694469519536142e-18,0.021132277004924684,0.021132277004924684,-0.025434619555978477,0.013020776715065054,-0.043623528706747461,-0.013853474946799116,0.39545454545454545,0,0.39545454545454545,0.39545454545454545,0.12272727272727274,0.0098193040884967872,0.11363636363636359,0.13636363636363641
lstm_seed_mean,LSTM_63,D1,AAPL,volatility,low_volatility,3,33,True,reportable,0.015962758360253387,0.00035508954477130359,0.015482465254749686,0.016329876472076732,0.022251875140042662,0.00028251959451549576,0.021951132030713749,0.022630043026045408,0.49494949494949497,0.071424927392580551,0.39393939393939392,0.54545454545454541,0.51515151515151514,0,0.51515151515151514,0.51515151515151514,0.015942434568949782,0,0.015942434568949782,0.015942434568949782,-0.0012748235669843844,0.022273232060985981,-0.024302555638619383,0.028851886593027176,0.45454545454545453,0,0.45454545454545453,0.45454545454545453,0.040404040404040387,0.071424927392580551,-0.060606060606060608,0.090909090909090884
lstm_seed_mean,LSTM_63,D1,GOOGL,transition,stable,3,162,True,reportable,0.014500819575950044,0.0010409867797638629,0.013381064433306783,0.015888399707892145,0.019844517573999972,0.0011252655563134921,0.018738479245624655,0.021388416786660612,0.51851851851851849,0.043938593629758507,0.48148148148148145,0.58024691358024694,0.58024691358024694,0,0.58024691358024694,0.58024691358024694,0.013522833174096865,0,0.013522833174096865,0.013522833174096865,-0.072321117125553516,0.076979932116435834,-0.17493128128849134,0.01048365671342022,0.4753086419753087,5.5511151231257827e-17,0.47530864197530864,0.47530864197530864,0.043209876543209867,0.043938593629758507,0.0061728395061728114,0.10493827160493829
lstm_seed_mean,LSTM_63,D1,GOOGL,transition,transition,3,91,True,reportable,0.024587110334882423,0.0027753539395079662,0.022506032089227697,0.028509613932839652,0.034445758306828687,0.0043144258708843145,0.030441045687186693,0.040434731417722233,0.49816849816849818,0.013705704713457681,0.48351648351648352,0.51648351648351654,0.56043956043956045,0,0.56043956043956045,0.56043956043956045,0.022571858564219522,0,0.022571858564219522,0.022571858564219522,-0.089281605452616097,0.12295637648143885,-0.26306009989060208,0.0029163072595258521,0.36263736263736263,0,0.36263736263736263,0.36263736263736263,0.13553113553113558,0.013705704713457681,0.12087912087912089,0.15384615384615391
lstm_seed_mean,LSTM_63,D1,GOOGL,trend,negative_trend,3,64,True,reportable,0.027843303552591816,0.00297809834301187,0.025729238302847578,0.032054959879404141,0.039548855280837465,0.0048855409484870761,0.035044207337706218,0.046338124890202663,0.54166666666666663,0.00736569563735987,0.53125,0.546875,0.5625,0,0.5625,0.5625,0.026230955280477447,0,0.026230955280477447,0.026230955280477447,-0.061467386714442962,0.11353373566338773,-0.22202792603825783,0.019126904539510825,0.359375,0,0.359375,0.359375,0.18229166666666666,0.00736569563735987,0.171875,0.1875
lstm_seed_mean,LSTM_63,D1,GOOGL,trend,positive_trend,3,189,True,reportable,0.014839091981017634,0.0011941876810936949,0.013708563599091146,0.016490889885106205,0.019481540723446211,0.0012721065870530026,0.018387714951887946,0.021265402128502392,0.50088183421516752,0.035185074679470907,0.47089947089947087,0.55026455026455023,0.57671957671957674,0,0.57671957671957674,0.57671957671957674,0.0135764918814662,0,0.0135764918814662,0.0135764918814662,-0.092998994922617539,0.087959959871808005,-0.21466502754062433,-0.0097279708762794126,0.46031746031746029,0,0.46031746031746029,0.46031746031746029,0.040564373897707229,0.035185074679470907,0.010582010582010581,0.089947089947089942
lstm_seed_mean,LSTM_63,D1,GOOGL,volatility,high_volatility,3,220,True,reportable,0.018964667185136078,0.0018211151231920933,0.017436626762069165,0.02152410093872149,0.027206951837125713,0.0027890322848322597,0.024897681143278519,0.03113079343777236,0.50151515151515147,0.024711373379242566,0.48181818181818181,0.53636363636363638,0.55454545454545456,0,0.55454545454545456,0.55454545454545456,0.017424254098311165,0,0.017424254098311165,0.017424254098311165,-0.088406257056031931,0.10451610226279946,-0.23529540015188943,-0.00071008283558038343,0.43181818181818182,0,0.43181818181818182,0.43181818181818182,0.069696969696969702,0.024711373379242566,0.049999999999999989,0.10454545454545455
lstm_seed_mean,LSTM_63,D1,GOOGL,volatility,low_volatility,3,33,True,reportable,0.012555546395402163,0.00040896365623302553,0.012167632847128951,0.013121012546915426,0.016609308257223822,0.00038319142933092163,0.016219059895057088,0.01713005978534464,0.5757575757575758,0.049484641268347035,0.51515151515151514,0.63636363636363635,0.69696969696969691,1.1102230246251565e-16,0.69696969696969702,0.69696969696969702,0.012466733391491279,0,0.012466733391491279,0.012466733391491279,-0.0071239996173736442,0.032804395777978938,-0.052482004297188301,0.023991893864231395,0.45454545454545453,0,0.45454545454545453,0.45454545454545453,0.12121212121212123,0.049484641268347035,0.060606060606060608,0.18181818181818182
lstm_seed_mean,LSTM_63,D1,MSFT,transition,stable,3,162,True,reportable,0.016731199518109519,0.0014991093225783484,0.015223649624750075,0.018775890082029935,0.022355038119833189,0.0019660780402839108,0.020017196192865228,0.024827441202148488,0.51234567901234562,0.026669714808262798,0.48765432098765432,0.54938271604938271,0.56172839506172845,0,0.56172839506172845,0.56172839506172845,0.014026594097933285,1.7347234759768071e-18,0.014026594097933286,0.014026594097933286,-0.19281982506179016,0.10687621757011072,-0.33859224491257089,-0.085341852659239992,0.43209876543209874,0,0.43209876543209874,0.43209876543209874,0.080246913580246937,0.026669714808262798,0.05555555555555558,0.11728395061728397
lstm_seed_mean,LSTM_63,D1,MSFT,transition,transition,3,91,True,reportable,0.031372812855859168,0.0030965270479421138,0.028675747251417118,0.035709170532793801,0.043455127858980057,0.0051333048976157977,0.038556344962726419,0.050544311690323945,0.47252747252747257,0.031081616755452658,0.45054945054945056,0.51648351648351654,0.5714285714285714,0,0.5714285714285714,0.5714285714285714,0.026824170658166297,0,0.026824170658166297,0.026824170658166297,-0.16957251933931058,0.11543794167591215,-0.33123111196440935,-0.069026424594682778,0.36263736263736263,0,0.36263736263736263,0.36263736263736263,0.10989010989010993,0.031081616755452662,0.087912087912087933,0.15384615384615391
lstm_seed_mean,LSTM_63,D1,MSFT,trend,negative_trend,3,64,True,reportable,0.035708304276476081,0.0030686760090266833,0.03196333095894708,0.039479880140836456,0.049135687999718479,0.0054179926747069647,0.04314211060932268,0.056266450507577712,0.54166666666666663,0.08684027083610972,0.421875,0.625,0.546875,0,0.546875,0.546875,0.03017951900457146,0,0.03017951900457146,0.03017951900457146,-0.18319660002093294,0.10168074609014986,-0.30816797096256621,-0.059106705912225221,0.34375,0,0.34375,0.34375,0.19791666666666666,0.08684027083610972,0.078125,0.28125
lstm_seed_mean,LSTM_63,D1,MSFT,trend,positive_trend,3,189,True,reportable,0.01735475565144157,0.0018128499865365142,0.016032121998496594,0.019918076099256887,0.022808353303390077,0.0024193511777182652,0.020711147471298159,0.026198149495325462,0.48324514991181661,0.024565058689919081,0.44973544973544971,0.50793650793650791,0.5714285714285714,0,0.5714285714285714,0.5714285714285714,0.014718616706167996,0,0.014718616706167996,0.014718616706167996,-0.17910235709642963,0.12316714421789512,-0.35325734047480162,-0.089241082810326944,0.42857142857142855,0,0.42857142857142855,0.42857142857142855,0.054673721340388004,0.024565058689919081,0.021164021164021163,0.079365079365079361
lstm_seed_mean,LSTM_63,D1,MSFT,volatility,high_volatility,3,220,True,reportable,0.023235802306465738,0.0021544661538364608,0.021290529885700533,0.026239330689957985,0.033202211000516631,0.0036104136681757298,0.0295226496089721,0.038107648437905012,0.49848484848484848,0.017141982574219315,0.48636363636363639,0.52272727272727271,0.55909090909090908,0,0.55909090909090908,0.55909090909090908,0.019551432149232571,0,0.019551432149232571,0.019551432149232571,-0.18844502689680379,0.11019479992011876,-0.34206693860981052,-0.088949889869639254,0.40909090909090912,0,0.40909090909090912,0.40909090909090912,0.089393939393939373,0.017141982574219315,0.077272727272727271,0.11363636363636359
lstm_seed_mean,LSTM_63,D1,MSFT,volatility,low_volatility,3,33,True,reportable,0.013742538921044383,0.0015699384616701879,0.011872959522253097,0.015714423029767569,0.017711083020437179,0.0015433381047483348,0.015994527952183344,0.019736801251812281,0.49494949494949497,0.10301049522409667,0.39393939393939392,0.63636363636363635,0.60606060606060608,0,0.60606060606060608,0.60606060606060608,0.012484627300823031,0,0.012484627300823031,0.012484627300823031,-0.10075684198745975,0.12574972595030465,-0.25870181392852776,0.048993675488383293,0.39393939393939387,5.5511151231257827e-17,0.39393939393939392,0.39393939393939392,0.10101010101010101,0.10301049522409667,0,0.24242424242424243
lstm_seed_mean,LSTM_63,D1,NVDA,transition,stable,3,162,True,reportable,0.020106317217522238,0.00064396151887430905,0.019499719002342254,0.020997883790379267,0.027491629945784302,0.00077563710113471305,0.026831890163931352,0.028580431279046286,0.52057613168724282,0.050484955334918903,0.45061728395061729,0.5679012345679012,0.58024691358024694,0,0.58024691358024694,0.58024691358024694,0.019286657968044553,0,0.019286657968044553,0.019286657968044553,-0.042498770436835365,0.033388963497007589,-0.088725886318406832,-0.011047068634219226,0.5,0,0.5,0.5,0.020576131687242778,0.050484955334918896,-0.049382716049382713,0.067901234567901203
lstm_seed_mean,LSTM_63,D1,NVDA,transition,transition,3,91,True,reportable,0.03543235879335551,0.0012420824308450873,0.033758658223493998,0.036730942712923167,0.049018239356714906,0.0023895302977180164,0.045719911702973313,0.051304237998895878,0.59340659340659341,0.02373897691724491,0.5714285714285714,0.62637362637362637,0.59340659340659341,0,0.59340659340659341,0.59340659340659341,0.037904924887173876,0,0.037904924887173876,0.037904924887173876,0.065230734559641013,0.032768365444390511,0.030971758359768065,0.10938596174564308,0.38461538461538464,0,0.38461538461538464,0.38461538461538464,0.2087912087912088,0.02373897691724491,0.18681318681318676,0.24175824175824173
lstm_seed_mean,LSTM_63,D1,NVDA,trend,negative_trend,3,64,True,reportable,0.038696955059738171,0.0022372397623472958,0.036188697319140595,0.041621217146696914,0.054149257080603481,0.0035435425349507892,0.049137932385865953,0.056657944067378667,0.58333333333333337,0.051559869461519095,0.546875,0.65625,0.546875,0,0.546875,0.546875,0.041597267237162526,0,0.041597267237162526,0.041597267237162526,0.069723622969954449,0.053783335082852983,-0.00057575680147059494,0.1300222412973796,0.359375,0,0.359375,0.359375,0.22395833333333334,0.051559869461519088,0.1875,0.296875
lstm_seed_mean,LSTM_63,D1,NVDA,trend,positive_trend,3,189,True,reportable,0.02119027997677625,0.00028229111005046857,0.020989522673057554,0.021589497690628817,0.028475022763812669,9.4108743708374901e-05,0.028388821814054287,0.02860593969876124,0.53439153439153442,0.049066764526432306,0.46560846560846558,0.57671957671957674,0.59788359788359791,0,0.59788359788359791,0.59788359788359791,0.020696093398823483,0,0.020696093398823483,0.020696093398823483,-0.02387825414340557,0.013639825865229079,-0.043167774448491958,-0.014178002996969141,0.49206349206349204,0,0.49206349206349204,0.49206349206349204,0.042328042328042347,0.049066764526432313,-0.026455026455026454,0.084656084656084707
lstm_seed_mean,LSTM_63,D1,NVDA,volatility,high_volatility,3,220,True,reportable,0.026950337417767894,0.00086395616375892334,0.025999984638224952,0.028090534540416774,0.038173876958098991,0.0014769621826170789,0.036085141177729985,0.039221859149904573,0.55303030303030309,0.013033826162185813,0.53636363636363638,0.56818181818181823,0.57727272727272727,0,0.57727272727272727,0.57727272727272727,0.027389379590445292,0,0.027389379590445292,0.027389379590445292,0.016029650150621039,0.031543473297960825,-0.025599519246360725,0.050727507267270378,0.43636363636363634,0,0.43636363636363634,0.43636363636363634,0.11666666666666671,0.013033826162185813,0.10000000000000003,0.13181818181818189
lstm_seed_mean,LSTM_63,D1,NVDA,volatility,low_volatility,3,33,True,reportable,0.016742236591667198,0.00047949313594850207,0.016064432343209284,0.017098647334113919,0.025000599408973607,0.00051950561539293569,0.024452434289587724,0.025698315510839127,0.50505050505050508,0.09999489834961281,0.36363636363636365,0.5757575757575758,0.63636363636363635,0,0.63636363636363635,0.63636363636363635,0.016609795322972003,0,0.016609795322972003,0.016609795322972003,-0.0079736845710568494,0.028868094195317613,-0.029431549374110189,0.032833816983190656,0.60606060606060608,0,0.60606060606060608,0.60606060606060608,-0.10101010101010099,0.09999489834961281,-0.24242424242424243,-0.030303030303030276
lstm_seed_mean,LSTM_63,D2,AAPL,transition,stable,3,200,True,reportable,0.012307091160172874,0.00069736134665535814,0.011739958951732202,0.013289399037386185,0.016024172041035106,0.00064626210785563619,0.015473878699336127,0.016931272030284255,0.53333333333333333,0.010274023338281637,0.52000000000000002,0.54500000000000004,0.53500000000000003,0,0.53500000000000003,0.53500000000000003,0.011817369301770464,0,0.011817369301770464,0.011817369301770464,-0.041440852519438486,0.059011555689545865,-0.12456492625606463,0.0065505569015825715,0.51000000000000001,0,0.51000000000000001,0.51000000000000001,0.023333333333333355,0.010274023338281637,0.010000000000000009,0.035000000000000031
lstm_seed_mean,LSTM_63,D2,AAPL,transition,transition,3,52,True,reportable,0.013167736402535074,0.00075537913919726215,0.012618061680557969,0.014235851609499511,0.016947211901529195,0.00081404629162378775,0.016343409921132285,0.018097979444085109,0.55128205128205132,0.055143110686170692,0.48076923076923078,0.61538461538461542,0.51923076923076927,0,0.51923076923076927,0.51923076923076927,0.013516336228123824,1.7347234759768071e-18,0.013516336228123826,0.013516336228123826,0.025790999846793599,0.055886382703733271,-0.053233018861913894,0.066458434623488549,0.46153846153846151,5.5511151231257827e-17,0.46153846153846156,0.46153846153846156,0.089743589743589744,0.055143110686170692,0.019230769230769218,0.15384615384615385
lstm_seed_mean,LSTM_63,D2,AAPL,trend,negative_trend,3,2,False,descriptive_low_n,0.009129921304935,0.00080977750155811982,0.0080556795202233501,0.0100107176896222,0.009361795230098488,0.001069059610017623,0.0080582949898881963,0.010676868813896373,0.5,0,0.5,0.5,0.5,0,0.5,0.5,0.009154200806845,0,0.009154200806845,0.009154200806845,0.0026522798027157624,0.088459661159345962,-0.093565446165081445,0.12000187780458527,0.5,0,0.5,0.5,0,0,0,0
lstm_seed_mean,LSTM_63,D2,AAPL,trend,positive_trend,3,250,True,reportable,0.012511522729426114,0.0007090862489799437,0.011958575276073904,0.013512490623167868,0.016262121884299385,0.00068087906723094283,0.015703232616537801,0.017220629509422967,0.53733333333333333,0.010498677165349092,0.52800000000000002,0.55200000000000005,0.53200000000000003,0,0.53200000000000003,0.53200000000000003,0.012192059770411365,0,0.012192059770411365,0.012192059770411365,-0.026202542066767642,0.058159676242796041,-0.10830252456283285,0.019150537213088348,0.5,0,0.5,0.5,0.037333333333333364,0.010498677165349092,0.028000000000000025,0.052000000000000046
lstm_seed_mean,LSTM_63,D2,AAPL,volatility,high_volatility,3,144,True,reportable,0.012886368673231919,0.00084934149179593155,0.01220610977246948,0.014083823805882903,0.01662768115137064,0.00064242241440428467,0.016066600955976632,0.017527052080996704,0.50694444444444453,0.020443890894277419,0.4861111111111111,0.53472222222222221,0.5,0,0.5,0.5,0.012401370995443715,0,0.012401370995443715,0.012401370995443715,-0.039108391964597554,0.068487709311170625,-0.13566667839042346,0.015745131973390225,0.45833333333333331,0,0.45833333333333331,0.45833333333333331,0.048611111111111126,0.020443890894277419,0.02777777777777779,0.076388888888888895
lstm_seed_mean,LSTM_63,D2,AAPL,volatility,low_volatility,3,108,True,reportable,0.011949105889083355,0.00052135071048439274,0.011556253433549239,0.01268586539929698,0.015657203859820765,0.00073985517196931236,0.015094214903719896,0.016702479124298793,0.5771604938271605,0.0043648566739910534,0.57407407407407407,0.58333333333333337,0.57407407407407407,0,0.57407407407407407,0.57407407407407407,0.011856721489561449,0,0.011856721489561449,0.011856721489561449,-0.0077917322763495873,0.043970899623760641,-0.069930284730521874,0.025341579987076535,0.55555555555555558,0,0.55555555555555558,0.55555555555555558,0.021604938271604923,0.0043648566739910534,0.01851851851851849,0.02777777777777779
lstm_seed_mean,LSTM_63,D2,GOOGL,transition,stable,3,200,True,reportable,0.010889917332614718,7.0686091168083466e-05,0.010791979501665806,0.010956233327921259,0.014889551275154565,6.4680934731076501e-05,0.01480654873976465,0.014964344723848416,0.52999999999999992,0.0040824829046386341,0.52500000000000002,0.53500000000000003,0.56000000000000005,0,0.56000000000000005,0.56000000000000005,0.010911119819131752,0,0.010911119819131752,0.010911119819131752,0.0019431998611047681,0.0064783534907335147,-0.0041346359986262904,0.010919164984059981,0.505,0,0.505,0.505,0.025000000000000022,0.0040824829046386341,0.020000000000000018,0.030000000000000027
lstm_seed_mean,LSTM_63,D2,GOOGL,transition,transition,3,52,True,reportable,0.011222348033646107,0.00016267765455897878,0.01099318236644063,0.01135449081229197,0.016195732375816053,0.00038843474842778194,0.01568661397465047,0.016628956544635993,0.5641025641025641,0.045327357768368423,0.5,0.59615384615384615,0.61538461538461542,0,0.61538461538461542,0.61538461538461542,0.011622591469613558,0,0.011622591469613558,0.011622591469613558,0.034436677656085567,0.013996676643439445,0.023067201322744424,0.054153938458430084,0.5,0,0.5,0.5,0.064102564102564097,0.045327357768368423,0,0.096153846153846145
lstm_seed_mean,LSTM_63,D2,GOOGL,trend,negative_trend,3,2,False,descriptive_low_n,0.010252560894604801,0.00077701138743584749,0.0091722982064609999,0.010967032244873552,0.010953295576650342,0.00079564885567429979,0.0098985368048634514,0.011820084158511856,1,0,1,1,1,0,1,1,0.012898788048398951,0,0.012898788048398951,0.012898788048398951,0.20515316197653241,0.060239100334104144,0.14976258205631776,0.28890232384278136,0,0,0,0,1,0,1,1
lstm_seed_mean,LSTM_63,D2,GOOGL,trend,positive_trend,3,250,True,reportable,0.010964161769933325,9.227725331580446e-05,0.010835218715692457,0.011046037428504109,0.015197750964632285,0.0001264401274177055,0.01501920825160989,0.015295538978472557,0.53333333333333333,0.01236482466066095,0.51600000000000001,0.54400000000000004,0.56799999999999995,0,0.56799999999999995,0.56799999999999995,0.011043204576597831,1.7347234759768071e-18,0.011043204576597829,0.011043204576597829,0.0071575968837892523,0.0083560213591762581,-0.00025652444330170887,0.018833832105775272,0.50800000000000001,0,0.50800000000000001,0.50800000000000001,0.025333333333333357,0.01236482466066095,0.0080000000000000071,0.036000000000000032
lstm_seed_mean,LSTM_63,D2,GOOGL,volatility,high_volatility,3,144,True,reportable,0.011262350250823913,0.00015199120202637924,0.011061198409486078,0.011428542029217427,0.015829255021859945,0.00019543750858838814,0.015553496166430638,0.015983306026000319,0.53935185185185197,0.014269476858724475,0.52083333333333337,0.55555555555555558,0.59027777777777779,0,0.59027777777777779,0.59027777777777779,0.011450653560951143,1.7347234759768071e-18,0.011450653560951141,0.011450653560951141,0.016444765281291834,0.013273583138057519,0.0019310279204602931,0.034011608978650631,0.47222222222222215,5.5511151231257827e-17,0.47222222222222221,0.47222222222222221,0.06712962962962965,0.014269476858724475,0.04861111111111116,0.08333333333333337
lstm_seed_mean,LSTM_63,D2,GOOGL,volatility,low_volatility,3,108,True,reportable,0.010553399334758309,5.4693544821966513e-05,0.010501332419737401,0.010628969173221987,0.014240303978275306,5.2666230634658737e-05,0.014196710492929083,0.014314400852883444,0.53395061728395066,0.015737714548125899,0.51851851851851849,0.55555555555555558,0.54629629629629628,0,0.54629629629629628,0.54629629629629628,0.01053430192101195,0,0.01053430192101195,0.01053430192101195,-0.0018128789064103534,0.005191947718232193,-0.0089865710058312231,0.0031297281511162289,0.54629629629629628,0,0.54629629629629628,0.54629629629629628,-0.012345679012345659,0.015737714548125895,-0.02777777777777779,0.0092592592592593004
lstm_seed_mean,LSTM_63,D2,MSFT,transition,stable,3,200,True,reportable,0.010565461006692081,7.9557749340914335e-05,0.010454892207653168,0.010638774791381504,0.013385003974845315,7.2606765449118155e-05,0.013282808609431025,0.013444744229470274,0.48999999999999999,0.016329931618554536,0.46999999999999997,0.51000000000000001,0.51000000000000001,0,0.51000000000000001,0.51000000000000001,0.0096218315615317681,0,0.0096218315615317681,0.0096218315615317681,-0.098071706943297254,0.0082684620731656982,-0.105691231793694,-0.08658025665840885,0.51500000000000001,0,0.51500000000000001,0.51500000000000001,-0.025000000000000022,0.016329931618554536,-0.04500000000000004,-0.0050000000000000044
lstm_seed_mean,LSTM_63,D2,MSFT,transition,transition,3,52,True,reportable,0.010977673854285131,0.00010700274339034511,0.010840400459195789,0.011101459367683583,0.014311538172490749,0.00011015543789217168,0.014164843197816929,0.01443029236693035,0.63461538461538458,0,0.63461538461538458,0.63461538461538458,0.59615384615384615,0,0.59615384615384615,0.59615384615384615,0.012093613058002328,0,0.012093613058002328,0.012093613058002328,0.092275087549521254,0.0088478722510095479,0.082039476999988703,0.10362598776693044,0.42307692307692307,0,0.42307692307692307,0.42307692307692307,0.21153846153846154,2.7755575615628914e-17,0.21153846153846151,0.21153846153846151
lstm_seed_mean,LSTM_63,D2,MSFT,trend,negative_trend,3,2,False,descriptive_low_n,0.0079615539059803338,0.00081068883881324711,0.006848590212143001,0.0087563809903478014,0.0084467544227302595,0.0012454468602451692,0.0068627471330781689,0.009905764441055542,1,0,1,1,1,0,1,1,0.015701864376864352,0,0.015701864376864352,0.015701864376864352,0.49295486733975658,0.051630100690956346,0.44233494952040575,0.5638358574645479,0,0,0,0,1,0,1,1
lstm_seed_mean,LSTM_63,D2,MSFT,trend,positive_trend,3,250,True,reportable,0.010672032535797129,5.5567256364631399e-05,0.010595286685508401,0.010725038841187839,0.01361422750212637,7.4910236796464001e-05,0.013509379115430042,0.013679782850059583,0.51600000000000001,0.013063945294843629,0.5,0.53200000000000003,0.52400000000000002,0,0.52400000000000002,0.52400000000000002,0.010087321850274984,0,0.010087321850274984,0.010087321850274984,-0.057964908248288483,0.0055086233184000891,-0.063219653380591989,-0.050356758986486616,0.5,0,0.5,0.5,0.016000000000000014,0.013063945294843629,0,0.032000000000000028
lstm_seed_mean,LSTM_63,D2,MSFT,volatility,high_volatility,3,144,True,reportable,0.010942397071196834,4.3689670904628742e-05,0.010904528606217925,0.011003612097620864,0.013750334346174556,5.9449909461015211e-05,0.01366628263916886,0.013794069150951077,0.53703703703703709,0.013094570021973107,0.52777777777777779,0.55555555555555558,0.54166666666666663,0,0.54166666666666663,0.54166666666666663,0.010699905945041591,0,0.010699905945041591,0.010699905945041591,-0.02266292128180954,0.0040831827054399819,-0.028384002078075454,-0.019123781295587783,0.47222222222222215,5.5511151231257827e-17,0.47222222222222221,0.47222222222222221,0.064814814814814839,0.013094570021973107,0.05555555555555558,0.08333333333333337
lstm_seed_mean,LSTM_63,D2,MSFT,volatility,low_volatility,3,108,True,reportable,0.010261352439897209,0.00012190056200387902,0.01009421831849203,0.010381515396843524,0.01335271175323941,0.00011033330555241062,0.013202671281517855,0.013464827138451048,0.49691358024691362,0.017459426695964161,0.47222222222222221,0.5092592592592593,0.5092592592592593,0,0.5092592592592593,0.5092592592592593,0.0093745160670044916,0,0.0093745160670044916,0.0093745160670044916,-0.094600763021156567,0.01300339784289588,-0.10741880675668902,-0.076772203102907444,0.52777777777777779,0,0.52777777777777779,0.52777777777777779,-0.030864197530864185,0.017459426695964161,-0.05555555555555558,-0.01851851851851849
lstm_seed_mean,LSTM_63,D2,NVDA,transition,stable,3,200,True,reportable,0.021307654681668498,0.00039222437123432571,0.021030122010275799,0.021862343664400891,0.027876107335246137,0.00044244850024202859,0.027522760239182896,0.028499994909586622,0.47999999999999998,0.021602468994692862,0.45000000000000001,0.5,0.54000000000000004,0,0.54000000000000004,0.54000000000000004,0.020627076604409714,0,0.020627076604409714,0.020627076604409714,-0.032994402954478273,0.019015024705462829,-0.05988570671847393,-0.019539628110942342,0.48999999999999999,0,0.48999999999999999,0.48999999999999999,-0.0099999999999999898,0.021602468994692862,-0.03999999999999998,0.010000000000000009
lstm_seed_mean,LSTM_63,D2,NVDA,transition,transition,3,52,True,reportable,0.024327315944338096,0.00035376567363337388,0.023963024347979416,0.02480643640874125,0.030933463217150101,0.00027930827972885822,0.030615913113066121,0.031295686349140837,0.48717948717948723,0.01813094310734736,0.46153846153846156,0.5,0.51923076923076927,0,0.51923076923076927,0.51923076923076927,0.024057880641101412,0,0.024057880641101412,0.024057880641101412,-0.011199461301523458,0.014704772997708934,-0.031114784332289647,0.0039428366337448395,0.46153846153846151,5.5511151231257827e-17,0.46153846153846156,0.46153846153846156,0.025641025641025623,0.01813094310734736,0,0.038461538461538436
lstm_seed_mean,LSTM_63,D2,NVDA,trend,negative_trend,3,2,False,descriptive_low_n,0.02181756406592103,0.002900376194635239,0.01798460946298415,0.02499880117244295,0.023454379510409417,0.0030743585625158908,0.019395019615666306,0.026832658282519285,0.66666666666666663,0.23570226039551584,0.5,1,1,0,1,1,0.024336179130442653,3.4694469519536142e-18,0.024336179130442649,0.024336179130442649,0.10349262515786743,0.11917960412310967,-0.027227858508462877,0.26099288772546814,0,0,0,0,0.66666666666666663,0.23570226039551584,0.5,1
lstm_seed_mean,LSTM_63,D2,NVDA,trend,positive_trend,3,250,True,reportable,0.021931664949229757,0.00028500193273604005,0.021680841755633437,0.022330307120196558,0.028570756721810014,0.00031775690112737171,0.028280702113153845,0.029013030414373669,0.47999999999999998,0.018184242262647799,0.45600000000000002,0.5,0.53200000000000003,0,0.53200000000000003,0.53200000000000003,0.021311011023833325,3.4694469519536142e-18,0.021311011023833322,0.021311011023833322,-0.029123626500043704,0.013373459026289553,-0.047829551363062883,-0.017353974027159547,0.48799999999999999,0,0.48799999999999999,0.48799999999999999,-0.007999999999999988,0.018184242262647799,-0.031999999999999973,0.012000000000000011
lstm_seed_mean,LSTM_63,D2,NVDA,volatility,high_volatility,3,144,True,reportable,0.022830078982144713,0.00032314821474084429,0.022446515860291685,0.023237027110411652,0.029331230938984054,0.00040240675453182538,0.028859313706077031,0.029842629908514759,0.49074074074074076,0.025567965317563127,0.45833333333333331,0.52083333333333337,0.55555555555555558,0,0.55555555555555558,0.55555555555555558,0.022279469343911045,3.4694469519536142e-18,0.022279469343911042,0.022279469343911042,-0.024713768076534286,0.014504304826683837,-0.042979379433124132,-0.0074977780575504749,0.50694444444444442,0,0.50694444444444442,0.50694444444444442,-0.016203703703703665,0.025567965317563127,-0.048611111111111105,0.013888888888888951
lstm_seed_mean,LSTM_63,D2,NVDA,volatility,low_volatility,3,108,True,reportable,0.020731666592689286,0.00023267699827828693,0.02047958484078213,0.021040871250702132,0.027437085042249287,0.00021786264136872444,0.027180868339449452,0.027713385656136225,0.46913580246913583,0.0043648566739910273,0.46296296296296297,0.47222222222222221,0.5092592592592593,0,0.5092592592592593,0.5092592592592593,0.020075754895333569,0,0.020075754895333569,0.020075754895333569,-0.032671832305951089,0.011589950140921996,-0.04807372676147259,-0.020115305628802371,0.45370370370370372,0,0.45370370370370372,0.45370370370370372,0.015432098765432075,0.0043648566739910273,0.0092592592592592449,0.01851851851851849
lstm_seed_mean,LSTM_21,D3,AAPL,transition,stable,3,194,True,reportable,0.017992507330344912,0.00060602262488074514,0.017478032435044366,0.018843362347967758,0.022876843212846703,0.00051211600688396287,0.022277704641766361,0.023528788627321592,0.47594501718213061,0.0048598404205261085,0.46907216494845361,0.47938144329896909,0.4484536082474227,0,0.4484536082474227,0.4484536082474227,0.017110429281352615,0,0.017110429281352615,0.017110429281352615,-0.051552070055519206,0.035418317969450684,-0.10127934478556533,-0.021484157273153448,0.51030927835051543,0,0.51030927835051543,0.51030927835051543,-0.034364261168384834,0.0048598404205261085,-0.04123711340206182,-0.030927835051546337
lstm_seed_mean,LSTM_21,D3,AAPL,transition,transition,3,57,True,reportable,0.019866687864733647,0.00065259172478185237,0.019011546253372699,0.020594863988513918,0.025342856280681097,0.0011419949931629678,0.024304423671289783,0.026933273842577512,0.47953216374269009,0.029818827564870101,0.43859649122807015,0.50877192982456143,0.54385964912280704,0,0.54385964912280704,0.54385964912280704,0.018209435665665723,0,0.018209435665665723,0.018209435665665723,-0.091010629296585391,0.035838108152485365,-0.13099957443195076,-0.044049173320586332,0.50877192982456143,0,0.50877192982456143,0.50877192982456143,-0.029239766081871382,0.029818827564870101,-0.07017543859649128,0
lstm_seed_mean,LSTM_21,D3,AAPL,trend,negative_trend,3,196,True,reportable,0.018979631301172677,0.00054513227254230571,0.018376383665893614,0.019696974988133331,0.024050300193297725,0.0005959050468819974,0.023400849822495434,0.024840122034511112,0.48809523809523808,0.012726725805353513,0.47448979591836737,0.50510204081632648,0.48979591836734687,5.5511151231257827e-17,0.48979591836734693,0.48979591836734693,0.018004695023122855,0,0.018004695023122855,0.018004695023122855,-0.054149002623912278,0.030277228902917234,-0.093991037495338547,-0.02064398437704229,0.5,0,0.5,0.5,-0.011904761904761918,0.012726725805353513,-0.025510204081632626,0.0051020408163264808
lstm_seed_mean,LSTM_21,D3,AAPL,trend,positive_trend,3,55,True,reportable,0.016417089006307031,0.00084910200469430291,0.015768763827964574,0.017616589912307381,0.021224897015245037,0.00092769111014140491,0.020280791742128094,0.022485882550539311,0.43636363636363634,0.014845392380504115,0.41818181818181815,0.45454545454545453,0.40000000000000008,5.5511151231257827e-17,0.40000000000000002,0.40000000000000002,0.015062561618059524,0,0.015062561618059524,0.015062561618059524,-0.089926761635515565,0.056371686717368003,-0.16956135078549051,-0.046884602221864746,0.54545454545454541,0,0.54545454545454541,0.54545454545454541,-0.10909090909090907,0.014845392380504115,-0.12727272727272726,-0.090909090909090884
lstm_seed_mean,LSTM_21,D3,AAPL,volatility,high_volatility,3,251,True,reportable,0.018418118049309682,0.00060028536587442547,0.017826280592991437,0.019241113716538,0.023460938530773388,0.00066086679905004084,0.022753803906506505,0.024343739115200033,0.47675962815405049,0.0067716062597513683,0.47011952191235062,0.48605577689243029,0.47011952191235062,0,0.47011952191235062,0.47011952191235062,0.017360004436355988,0,0.017360004436355988,0.017360004436355988,-0.060951229409697216,0.034578641271386115,-0.10835880181243041,-0.026859218748755298,0.50996015936254979,0,0.50996015936254979,0.50996015936254979,-0.033200531208499307,0.0067716062597513683,-0.039840637450199168,-0.023904382470119501
lstm_seed_mean,LSTM_21,D3,AAPL,volatility,low_volatility,3,0,False,descriptive_low_n,,,,,,,,,,,,,,,,,,,,,,,,,,,,,,,,
lstm_seed_mean,LSTM_21,D3,GOOGL,transition,stable,3,194,True,reportable,0.019410889694150751,0.00023696746783113815,0.019078474715729914,0.019613915423495071,0.025285832614880693,0.00029004420919568241,0.024887428287020216,0.025569556720272626,0.48453608247422686,0.0084174905250281179,0.47422680412371132,0.49484536082474229,0.43814432989690721,0,0.43814432989690721,0.43814432989690721,0.018985328584250206,0,0.018985328584250206,0.018985328584250206,-0.02241526176447543,0.012481610037959608,-0.033109084020085167,-0.0049062164537398978,0.52061855670103097,0,0.52061855670103097,0.52061855670103097,-0.036082474226804162,0.0084174905250281179,-0.046391752577319645,-0.025773195876288679
lstm_seed_mean,LSTM_21,D3,GOOGL,transition,transition,3,57,True,reportable,0.019312731588851832,0.00026940105489236746,0.018947681018115205,0.019589697083714445,0.024464354055561115,0.00036305468027509816,0.024196141715993495,0.02497761673258465,0.49122807017543857,0,0.49122807017543857,0.49122807017543857,0.49122807017543857,0,0.49122807017543857,0.49122807017543857,0.017983269352253469,0,0.017983269352253469,0.017983269352253469,-0.073927727520344932,0.01498064949233549,-0.089329014652148153,-0.053628272310834557,0.49122807017543857,0,0.49122807017543857,0.49122807017543857,0,0,0,0
lstm_seed_mean,LSTM_21,D3,GOOGL,trend,negative_trend,3,196,True,reportable,0.020537964426234841,0.00014959341032820162,0.020345630854975014,0.020710440651944363,0.026180981806933623,0.00029935595625286201,0.025813847566807283,0.026547114860596792,0.49659863945578236,0.0048102502121533898,0.48979591836734693,0.5,0.47448979591836737,0,0.47448979591836737,0.47448979591836737,0.020068293172923479,0,0.020068293172923479,0.020068293172923479,-0.023403647199307025,0.0074542169101873088,-0.031998111323552125,-0.013819694563049545,0.52040816326530615,0,0.52040816326530615,0.52040816326530615,-0.023809523809523836,0.0048102502121533898,-0.030612244897959218,-0.020408163265306145
lstm_seed_mean,LSTM_21,D3,GOOGL,trend,positive_trend,3,55,True,reportable,0.015292677703414028,0.00028552339798688285,0.014896854493924963,0.015559715325831327,0.020805726848615161,0.00027526439221945586,0.020416492044337584,0.02100562902039586,0.44848484848484849,0.017141982574219339,0.43636363636363634,0.47272727272727272,0.36363636363636359,5.5511151231257827e-17,0.36363636363636365,0.36363636363636365,0.014087538845999751,0,0.014087538845999751,0.014087538845999751,-0.08554644431425884,0.020267798449972639,-0.10450203516206158,-0.057449044632449819,0.49090909090909091,0,0.49090909090909091,0.49090909090909091,-0.042424242424242441,0.017141982574219339,-0.054545454545454564,-0.018181818181818188
lstm_seed_mean,LSTM_21,D3,GOOGL,volatility,high_volatility,3,251,True,reportable,0.019388598809680479,0.00017141444914896151,0.019151675875462057,0.019551501389473362,0.025101873844812928,0.00028856902528172454,0.024732138666878994,0.025436341056696159,0.48605577689243029,0.0065059488520137479,0.47808764940239046,0.49402390438247012,0.45019920318725098,0,0.45019920318725098,0.45019920318725098,0.018757769316426243,0,0.018757769316426243,0.018757769316426243,-0.033630304468123283,0.0091383173690516278,-0.04231484350071657,-0.020999648326566644,0.51394422310756971,0,0.51394422310756971,0.51394422310756971,-0.027888446215139417,0.0065059488520137479,-0.035856573705179251,-0.019920318725099584
lstm_seed_mean,LSTM_21,D3,GOOGL,volatility,low_volatility,3,0,False,descriptive_low_n,,,,,,,,,,,,,,,,,,,,,,,,,,,,,,,,
lstm_seed_mean,LSTM_21,D3,MSFT,transition,stable,3,194,True,reportable,0.018286338902622889,0.00040281150974867474,0.017786155647585063,0.018772541101937802,0.023555783417995978,0.00057724587979436062,0.022965280126528868,0.02433919344549126,0.50171821305841924,0.014780627606602467,0.4845360824742268,0.52061855670103097,0.4484536082474227,0,0.4484536082474227,0.4484536082474227,0.016887983922625877,0,0.016887983922625877,0.016887983922625877,-0.082801771153011725,0.0238519595704378,-0.11159160193106699,-0.05318407034695527,0.5,0,0.5,0.5,0.0017182130584192563,0.014780627606602467,-0.015463917525773196,0.020618556701030966
lstm_seed_mean,LSTM_21,D3,MSFT,transition,transition,3,57,True,reportable,0.02120183440785511,0.00074589508109589747,0.02014779572054292,0.021764784827775115,0.026271423434952423,0.0007855479016202555,0.025170425237223789,0.026950298875323665,0.47368421052631576,0.014324501419784667,0.45614035087719296,0.49122807017543857,0.50877192982456143,0,0.50877192982456143,0.50877192982456143,0.018201322357462277,0,0.018201322357462277,0.018201322357462277,-0.16485132186907644,0.040980268710536331,-0.19578041640759514,-0.10694131584800037,0.52631578947368418,0,0.52631578947368418,0.52631578947368418,-0.052631578947368418,0.014324501419784667,-0.070175438596491224,-0.035087719298245612
lstm_seed_mean,LSTM_21,D3,MSFT,trend,negative_trend,3,196,True,reportable,0.019684676717128754,0.00020218238035377663,0.019474128724013755,0.01995748796129022,0.024960753999316795,0.00018028216034625874,0.024708572578928459,0.025119339084668256,0.50510204081632659,0.014430750636460144,0.48469387755102039,0.51530612244897955,0.48979591836734687,5.5511151231257827e-17,0.48979591836734693,0.48979591836734693,0.018361954676141084,0,0.018361954676141084,0.018361954676141084,-0.072036014918736679,0.011010939952732023,-0.086893433367544404,-0.060569480073806803,0.5,0,0.5,0.5,0.005102040816326499,0.014430750636460144,-0.015306122448979609,0.015306122448979553
lstm_seed_mean,LSTM_21,D3,MSFT,trend,positive_trend,3,55,True,reportable,0.016324684941806288,0.00060095320382798345,0.015819664694798199,0.017169168918086442,0.021292007794530832,0.00073809531362921052,0.020569538131758248,0.022305703527260686,0.46060606060606063,0.037360084866478634,0.41818181818181815,0.50909090909090904,0.36363636363636359,5.5511151231257827e-17,0.36363636363636365,0.36363636363636365,0.012996384342565779,0,0.012996384342565779,0.012996384342565779,-0.25609434989850605,0.046240030148980781,-0.32107272803974807,-0.2172358309676643,0.52727272727272723,0,0.52727272727272723,0.52727272727272723,-0.066666666666666652,0.037360084866478634,-0.10909090909090907,-0.018181818181818188
lstm_seed_mean,LSTM_21,D3,MSFT,volatility,high_volatility,3,251,True,reportable,0.018948423539269246,0.00019450865270211171,0.018673349753468516,0.019087070944630538,0.024205921152614718,0.00027273887629941928,0.023863112441519264,0.024530431297293393,0.4953519256308101,0.01466847412641069,0.47808764940239046,0.51394422310756971,0.46215139442231074,0,0.46215139442231074,0.46215139442231074,0.017186232093086729,0,0.017186232093086729,0.017186232093086729,-0.10253506624592672,0.011317701963326441,-0.11060241949766492,-0.086529592544021927,0.50597609561752988,0,0.50597609561752988,0.50597609561752988,-0.010624169986719778,0.01466847412641069,-0.027888446215139417,0.0079681274900398336
lstm_seed_mean,LSTM_21,D3,MSFT,volatility,low_volatility,3,0,False,descriptive_low_n,,,,,,,,,,,,,,,,,,,,,,,,,,,,,,,,
lstm_seed_mean,LSTM_21,D3,NVDA,transition,stable,3,194,True,reportable,0.032612098401472257,0.00024762681184842727,0.032280479172850651,0.032875376330253114,0.040814602987988245,0.00026444828180405028,0.040445192792410926,0.041049819680250996,0.5,0.0084174905250280953,0.48969072164948452,0.51030927835051543,0.46907216494845355,5.5511151231257827e-17,0.46907216494845361,0.46907216494845361,0.031947087369258241,0,0.031947087369258241,0.031947087369258241,-0.020816014446873643,0.0077511545571041264,-0.02905707647978395,-0.010435749579888798,0.58247422680412375,0,0.58247422680412375,0.58247422680412375,-0.082474226804123765,0.0084174905250280953,-0.092783505154639234,-0.072164948453608324
lstm_seed_mean,LSTM_21,D3,NVDA,transition,transition,3,57,True,reportable,0.034825197038735024,0.00029474118066293205,0.034431365838960899,0.035140355122236157,0.043216348814117372,3.0218816416974296e-05,0.043185568050336298,0.043257413574953746,0.46198830409356723,0.029818827564870084,0.42105263157894735,0.49122807017543857,0.54385964912280704,0,0.54385964912280704,0.54385964912280704,0.032329553570205782,0,0.032329553570205782,0.032329553570205782,-0.077193873497503951,0.0091167723681331754,-0.086942170294016963,-0.065012103065106963,0.47368421052631576,0,0.47368421052631576,0.47368421052631576,-0.011695906432748537,0.029818827564870084,-0.052631578947368418,0.017543859649122806
lstm_seed_mean,LSTM_21,D3,NVDA,trend,negative_trend,3,196,True,reportable,0.033846603695008602,0.00035678418903682685,0.033414947325312382,0.03428869946524072,0.041919359641817165,0.00016525154709620351,0.041726091465603236,0.04212978155780453,0.48979591836734698,0.0041657988822843212,0.48469387755102039,0.49489795918367346,0.50510204081632648,0,0.50510204081632648,0.50510204081632648,0.032799896831423592,0,0.032799896831423592,0.032799896831423592,-0.031911894996639788,0.01087760095315346,-0.045390466972164312,-0.018751598428795813,0.5714285714285714,0,0.5714285714285714,0.5714285714285714,-0.081632653061224469,0.0041657988822843212,-0.086734693877551006,-0.076530612244897933
lstm_seed_mean,LSTM_21,D3,NVDA,trend,positive_trend,3,55,True,reportable,0.03050634539766961,0.0002790139210604936,0.030186148269988802,0.030866139984973295,0.039357346446676121,0.00064944407373730413,0.038790201570608446,0.040266559695823968,0.49696969696969689,0.0085709912871096434,0.49090909090909091,0.50909090909090904,0.41818181818181815,0,0.41818181818181815,0.41818181818181815,0.029304358621432807,3.4694469519536142e-18,0.029304358621432804,0.029304358621432804,-0.041017337788027484,0.0095212430568750537,-0.053295190101796841,-0.030090733598621355,0.50909090909090904,0,0.50909090909090904,0.50909090909090904,-0.012121212121212088,0.0085709912871096434,-0.018181818181818132,0
lstm_seed_mean,LSTM_21,D3,NVDA,volatility,high_volatility,3,251,True,reportable,0.033114674586029937,0.00025832503370172203,0.032768927539258162,0.033389734063890696,0.041372453314590281,0.00019504017531961148,0.041100714922246206,0.041549306526887493,0.49136786188579018,0.0049690005136440079,0.48605577689243029,0.49800796812749004,0.48605577689243029,0,0.48605577689243029,0.48605577689243029,0.032033942243577009,0,0.032033942243577009,0.032033942243577009,-0.033737100923618701,0.0080641037477526961,-0.042323601947104494,-0.022943953950236073,0.55776892430278879,0,0.55776892430278879,0.55776892430278879,-0.066401062416998613,0.0049690005136440079,-0.071713147410358502,-0.059760956175298752
lstm_seed_mean,LSTM_21,D3,NVDA,volatility,low_volatility,3,0,False,descriptive_low_n,,,,,,,,,,,,,,,,,,,,,,,,,,,,,,,,
lstm_seed_mean,LSTM_63,D4,AAPL,transition,stable,3,247,True,reportable,0.010188087436721739,0.0003070491671736079,0.0099641172272127952,0.010622247642209334,0.013250668280949346,0.00040794310563192228,0.012938489937812183,0.013826917990534085,0.52496626180836703,0.010098940315179324,0.51417004048582993,0.53846153846153844,0.5587044534412956,0,0.5587044534412956,0.5587044534412956,0.009879713355656454,0,0.009879713355656454,0.009879713355656454,-0.031212857090507546,0.031078752603466216,-0.075157472673815562,-0.0085431498382508853,0.49797570850202427,0,0.49797570850202427,0.49797570850202427,0.026990553306342795,0.010098940315179324,0.016194331983805654,0.040485829959514164
lstm_seed_mean,LSTM_63,D4,AAPL,transition,transition,3,3,False,descriptive_low_n,0.0068369784563014997,0.00057688008264785513,0.0061361713620112987,0.0075490973709361336,0.0095236730257690846,0.00041648151894842385,0.0092032128317704517,0.010111880028085905,0.44444444444444442,0.15713484026367722,0.33333333333333331,0.66666666666666663,0.66666666666666663,0,0.66666666666666663,0.66666666666666663,0.0060244155246354002,0,0.0060244155246354002,0.0060244155246354002,-0.13487830119674152,0.095757020791285508,-0.25308377884392486,-0.018550486253628984,0.66666666666666663,0,0.66666666666666663,0.66666666666666663,-0.22222222222222221,0.15713484026367722,-0.33333333333333331,0
lstm_seed_mean,LSTM_63,D4,AAPL,trend,negative_trend,3,53,True,reportable,0.010352703828931954,0.00054921788412961355,0.0096450446884859542,0.01098379560732465,0.012961125734350107,0.00047139238162985722,0.012397759015417946,0.013551483066136032,0.61006289308176098,0.017788849841171003,0.58490566037735847,0.62264150943396224,0.62264150943396224,0,0.62264150943396224,0.62264150943396224,0.010492038078540435,0,0.010492038078540435,0.010492038078540435,0.013279998467930007,0.052346158107540591,-0.046869590550764118,0.080727250865287314,0.50943396226415094,0,0.50943396226415094,0.50943396226415094,0.10062893081761004,0.017788849841171003,0.07547169811320753,0.1132075471698113
lstm_seed_mean,LSTM_63,D4,AAPL,trend,positive_trend,3,197,True,reportable,0.010092767661450661,0.00028943437810531115,0.0097806806907887057,0.010478179150001562,0.013278595621710741,0.00039982762809965004,0.012951984373771016,0.013841634929309003,0.50084602368866327,0.00862778259491165,0.49238578680203043,0.51269035532994922,0.54314720812182737,0,0.54314720812182737,0.54314720812182737,0.0096562661282152649,0,0.0096562661282152649,0.0096562661282152649,-0.045203966775517156,0.029973736666142031,-0.085117063974106566,-0.012884334474782655,0.49746192893401014,0,0.49746192893401014,0.49746192893401014,0.0033840947546531219,0.00862778259491165,-0.0050761421319797106,0.015228426395939076
lstm_seed_mean,LSTM_63,D4,AAPL,volatility,high_volatility,3,135,True,reportable,0.010909346862158753,0.00043245763805922869,0.010555581108630212,0.01151827922312181,0.013962899761196267,0.00056198086854377391,0.013488476376488496,0.014752312127169478,0.52098765432098759,0.0069837706783856647,0.51111111111111107,0.52592592592592591,0.59259259259259256,0,0.59259259259259256,0.59259259259259256,0.010520003799676223,1.7347234759768071e-18,0.010520003799676225,0.010520003799676225,-0.037009783446514621,0.041108125652249181,-0.094893066813940719,-0.0033818722532288348,0.49629629629629629,0,0.49629629629629629,0.49629629629629629,0.024691358024691339,0.0069837706783856647,0.014814814814814781,0.029629629629629617
lstm_seed_mean,LSTM_63,D4,AAPL,volatility,low_volatility,3,115,True,reportable,0.0092539713551977563,0.00017986603113780218,0.0090541837810419329,0.0094902153444962577,0.012270460365839753,0.00019940616724766405,0.012075180437365558,0.012544292104731458,0.52753623188405796,0.022823211229019716,0.4956521739130435,0.54782608695652169,0.52173913043478259,0,0.52173913043478259,0.52173913043478259,0.0090274950649109585,0,0.0090274950649109585,0.0090274950649109585,-0.025087390096405555,0.019924245856076446,-0.051256774582336906,-0.0029563811377433247,0.5043478260869565,0,0.5043478260869565,0.5043478260869565,0.023188405797101463,0.022823211229019716,-0.0086956521739129933,0.043478260869565188
lstm_seed_mean,LSTM_63,D4,GOOGL,transition,stable,3,247,True,reportable,0.013905474322639028,0.00017451291405091993,0.013754219819153469,0.014149991160020822,0.019360047235081574,0.00027382449111274085,0.019044513958026598,0.019712233114433982,0.55330634278002699,0.022501122807736907,0.52226720647773284,0.5748987854251012,0.54655870445344135,0,0.54655870445344135,0.54655870445344135,0.013926413200489882,1.7347234759768071e-18,0.013926413200489884,0.013926413200489884,0.0015035370234541823,0.012531073977094144,-0.016054238540263333,0.012364517615372606,0.50202429149797567,0,0.50202429149797567,0.50202429149797567,0.051282051282051322,0.022501122807736907,0.020242914979757165,0.072874493927125528
lstm_seed_mean,LSTM_63,D4,GOOGL,transition,transition,3,3,False,descriptive_low_n,0.011096536689388857,0.00039293972789771538,0.010672243146901133,0.01161946262176311,0.013506219312062561,0.00059915247345092466,0.012800550443369191,0.014265254577872337,0.66666666666666663,0.27216552697590868,0.33333333333333331,1,0.33333333333333331,0,0.33333333333333331,0.33333333333333331,0.011960618653699502,0,0.011960618653699502,0.011960618653699502,0.072243918924994488,0.03285279292607296,0.028523276413538134,0.10771813265694785,0.66666666666666663,0,0.66666666666666663,0.66666666666666663,1.8503717077085941e-17,0.27216552697590868,-0.33333333333333331,0.33333333333333337
lstm_seed_mean,LSTM_63,D4,GOOGL,trend,negative_trend,3,53,True,reportable,0.013427950447473349,0.0007421967624564905,0.012664076199159267,0.014433310502611671,0.020488913169207632,0.00099969929542447107,0.019768109995449531,0.021902609639029468,0.58490566037735847,0.055545665825961293,0.50943396226415094,0.64150943396226412,0.62264150943396224,0,0.62264150943396224,0.62264150943396224,0.01376380905651913,0,0.01376380905651913,0.01376380905651913,0.024401574278357579,0.053923790965768603,-0.048642163179053677,0.079900327942938332,0.43396226415094336,5.5511151231257827e-17,0.43396226415094341,0.43396226415094341,0.15094339622641506,0.055545665825961293,0.07547169811320753,0.20754716981132071
lstm_seed_mean,LSTM_63,D4,GOOGL,trend,positive_trend,3,197,True,reportable,0.013991169512913293,8.4777414225961642e-05,0.013874457143359357,0.014073284528450412,0.018962840458334771,0.00014329600492349277,0.018772755741801001,0.019118722507147856,0.54653130287648055,0.014555541907009516,0.52791878172588835,0.56345177664974622,0.52284263959390864,0,0.52284263959390864,0.52284263959390864,0.013940223535464903,0,0.013940223535464903,0.013940223535464903,-0.0036546026194472412,0.0060814960398792818,-0.0095451118590021977,0.0047177430073651605,0.52284263959390864,0,0.52284263959390864,0.52284263959390864,0.023688663282571909,0.014555541907009516,0.0050761421319797106,0.040609137055837574
lstm_seed_mean,LSTM_63,D4,GOOGL,volatility,high_volatility,3,135,True,reportable,0.015776682549558014,0.00019111724806177995,0.015521487417579256,0.015981385804188505,0.02182878137454999,0.00036057985423630325,0.021366586042232336,0.022246449008842598,0.55555555555555558,0.0060481228216868682,0.54814814814814816,0.562962962962963,0.57037037037037042,0,0.57037037037037042,0.57037037037037042,0.015679415496686517,0,0.015679415496686517,0.015679415496686517,-0.0062034871702999856,0.012189054375283795,-0.019259028346165108,0.010072319286432263,0.52592592592592591,0,0.52592592592592591,0.52592592592592591,0.029629629629629672,0.0060481228216868682,0.022222222222222254,0.03703703703703709
lstm_seed_mean,LSTM_63,D4,GOOGL,volatility,low_volatility,3,115,True,reportable,0.011635561944084126,0.00022589346418654325,0.011364909069807168,0.011917864746593067,0.015824300985095411,0.00018236859438423028,0.015640013857227665,0.01607270121993716,0.55362318840579705,0.053289206698116612,0.48695652173913045,0.61739130434782608,0.5130434782608696,0,0.5130434782608696,0.5130434782608696,0.01181725934286452,0,0.01181725934286452,0.01181725934286452,0.015375595432802794,0.01911555443038845,-0.0085134294517530407,0.038278780208922947,0.47826086956521746,5.5511151231257827e-17,0.47826086956521741,0.47826086956521741,0.075362318840579701,0.053289206698116612,0.0086956521739130488,0.13913043478260867
lstm_seed_mean,LSTM_63,D4,MSFT,transition,stable,3,247,True,reportable,0.012198656539704859,9.4501466195791073e-05,0.012069693264475037,0.012293505032626651,0.016008975931271447,6.8641854897476766e-05,0.015911933937329606,0.016059663705686743,0.53441295546558709,0.0099169625213893879,0.52226720647773284,0.54655870445344135,0.5587044534412956,0,0.5587044534412956,0.5587044534412956,0.012096807120631574,0,0.012096807120631574,0.012096807120631574,-0.0084195290590010075,0.0078120999411998085,-0.016260316464796976,0.0022414060078954634,0.51821862348178138,0,0.51821862348178138,0.51821862348178138,0.01619433198380571,0.0099169625213893879,0.0040485829959514552,0.028340080971659964
lstm_seed_mean,LSTM_63,D4,MSFT,transition,transition,3,3,False,descriptive_low_n,0.0078520870263274548,0.0015408881883397585,0.0061527236274443661,0.0098831355791849321,0.0099493861652330002,0.0012175981301436856,0.0085023093502077946,0.011481190821178927,0.66666666666666663,0.27216552697590868,0.33333333333333331,1,0,0,0,0,0.0087414079876306002,0,0.0087414079876306002,0.0087414079876306002,0.10173658094457612,0.17627459907147339,-0.13061140644275127,0.29614043456721317,0.33333333333333331,0,0.33333333333333331,0.33333333333333331,0.33333333333333331,0.27216552697590868,0,0.66666666666666674
lstm_seed_mean,LSTM_63,D4,MSFT,trend,negative_trend,3,53,True,reportable,0.012047171642104828,0.00023981202139446224,0.011830750504266843,0.012381515195638251,0.015336660596980444,0.00023288997725519624,0.01506660883362214,0.015634967359626082,0.55974842767295596,0.0088944249205855017,0.54716981132075471,0.56603773584905659,0.67924528301886788,0,0.67924528301886788,0.67924528301886788,0.012183776826479661,1.7347234759768071e-18,0.012183776826479659,0.012183776826479659,0.011212055696714796,0.019682896757700463,-0.016229644713192437,0.028975113976609124,0.52830188679245282,0,0.52830188679245282,0.52830188679245282,0.031446540880503138,0.0088944249205855017,0.018867924528301883,0.037735849056603765
lstm_seed_mean,LSTM_63,D4,MSFT,trend,positive_trend,3,197,True,reportable,0.012173219945962066,0.00012215149780460356,0.012074179868341072,0.012345315593653297,0.016111061097354901,9.6035281266912929e-05,0.016012826198902048,0.016241397949537092,0.52961082910321489,0.010430480546478793,0.51776649746192893,0.54314720812182737,0.51776649746192893,0,0.51776649746192893,0.51776649746192893,0.012022311730738417,1.7347234759768071e-18,0.012022311730738418,0.012022311730738418,-0.012552345888504032,0.010160400141038512,-0.026867034406455215,-0.004314323132217357,0.51269035532994922,0,0.51269035532994922,0.51269035532994922,0.016920473773265665,0.010430480546478793,0.0050761421319797106,0.030456852791878153
lstm_seed_mean,LSTM_63,D4,MSFT,volatility,high_volatility,3,135,True,reportable,0.013005576961043666,9.6266429577105675e-05,0.012870747943790447,0.013089322124133098,0.016738313206131641,0.000205415437217108,0.016458509549835021,0.016945858867797321,0.48395061728395056,0.0034918853391928324,0.48148148148148145,0.48888888888888887,0.55555555555555558,0,0.55555555555555558,0.55555555555555558,0.012719398997786154,0,0.012719398997786154,0.012719398997786154,-0.022499330613602247,0.0075684731325639564,-0.029083380937364289,-0.011899064258510617,0.51851851851851849,0,0.51851851851851849,0.51851851851851849,-0.034567901234567898,0.0034918853391928324,-0.037037037037037035,-0.029629629629629617
lstm_seed_mean,LSTM_63,D4,MSFT,volatility,low_volatility,3,115,True,reportable,0.011138013362132068,9.5539843976519769e-05,0.01106864522314391,0.011273110770633353,0.0149707594927135,0.00014834041442104401,0.014779558607664856,0.015141119442950032,0.59710144927536224,0.021690767459559095,0.57391304347826089,0.62608695652173918,0.54782608695652169,0,0.54782608695652169,0.54782608695652169,0.011278406243980521,0,0.011278406243980521,0.011278406243980521,0.012447936243064875,0.0084710412011901916,0.00046952319615145566,0.01859846296532941,0.5130434782608696,0,0.5130434782608696,0.5130434782608696,0.084057971014492749,0.021690767459559095,0.060869565217391286,0.11304347826086958
lstm_seed_mean,LSTM_63,D4,NVDA,transition,stable,3,247,True,reportable,0.022365114028172376,0.00099455859490740111,0.021613039772516159,0.023770475416639781,0.031159830439750107,0.0011743834827059557,0.030134640994834809,0.032804019081511211,0.47098515519568157,0.043142691938315193,0.42105263157894735,0.52631578947368418,0.57085020242914974,0,0.57085020242914974,0.57085020242914974,0.021322969049623251,0,0.021322969049623251,0.021322969049623251,-0.048874290260602228,0.04664259431192927,-0.11478262531454431,-0.013603674151467793,0.55060728744939269,0,0.55060728744939269,0.55060728744939269,-0.079622132253711189,0.043142691938315193,-0.12955465587044535,-0.024291497975708509
lstm_seed_mean,LSTM_63,D4,NVDA,transition,transition,3,3,False,descriptive_low_n,0.006578837259103412,0.0037004225584106203,0.0038749928092991007,0.011811044210625267,0.008015243814950038,0.0038854060323520456,0.0046917253200820788,0.013466493617202629,0.66666666666666663,0.27216552697590868,0.33333333333333331,1,0.33333333333333331,0,0.33333333333333331,0.33333333333333331,0.007507525713240734,0,0.007507525713240734,0.007507525713240734,0.12370100211570771,0.49289508950789573,-0.57322727377337968,0.48385220946164387,1,0,1,1,-0.33333333333333331,0.27216552697590868,-0.66666666666666674,0
lstm_seed_mean,LSTM_63,D4,NVDA,trend,negative_trend,3,53,True,reportable,0.02016827913714719,0.0016981085359205888,0.01887773664757781,0.022567469981460777,0.024867984216972196,0.0015497342113554428,0.023499499264326679,0.027034775474804457,0.5220125786163522,0.1696948121161263,0.28301886792452829,0.660377358490566,0.69811320754716977,0,0.69811320754716977,0.69811320754716977,0.020135632268394099,0,0.020135632268394099,0.020135632268394099,-0.0016213480817454846,0.084333509536029028,-0.12077285086715706,0.062471126014291833,0.60377358490566035,0,0.60377358490566035,0.60377358490566035,-0.081761006289308172,0.1696948121161263,-0.32075471698113206,0.056603773584905648
lstm_seed_mean,LSTM_63,D4,NVDA,trend,positive_trend,3,197,True,reportable,0.02271574052013749,0.000760634177548721,0.022156407289132041,0.023791149732591381,0.032435673406799793,0.0010989091642636983,0.031392260244028213,0.033954811066391172,0.46023688663282575,0.022826967112067751,0.43147208121827413,0.48730964467005078,0.53299492385786806,0,0.53299492385786806,0.53299492385786806,0.021432017371430346,0,0.021432017371430346,0.021432017371430346,-0.059897448124430763,0.035490554359230521,-0.11007514226382842,-0.033799427517604341,0.54314720812182737,0,0.54314720812182737,0.54314720812182737,-0.08291032148900164,0.022826967112067751,-0.11167512690355325,-0.055837563451776595
lstm_seed_mean,LSTM_63,D4,NVDA,volatility,high_volatility,3,135,True,reportable,0.02486506503164498,0.0010822634932480711,0.023759840145113658,0.026334628872679434,0.035497285205002206,0.0012851700445577277,0.03408984800850224,0.037196912166794743,0.46419753086419752,0.063529285581573364,0.38518518518518519,0.54074074074074074,0.61481481481481481,0,0.61481481481481481,0.61481481481481481,0.023867993978080811,0,0.023867993978080811,0.023867993978080811,-0.041774396896522882,0.045343714023137742,-0.10334487669403036,0.0045313331764067488,0.59259259259259256,0,0.59259259259259256,0.59259259259259256,-0.12839506172839502,0.063529285581573364,-0.20740740740740737,-0.051851851851851816
lstm_seed_mean,LSTM_63,D4,NVDA,volatility,low_volatility,3,115,True,reportable,0.019018573021424481,0.00093321201730671389,0.01797717084358454,0.020241369639358252,0.024656484339664664,0.0011630991258038449,0.023437710969137208,0.02622250207613798,0.48405797101449277,0.014779766706066027,0.46956521739130436,0.5043478260869565,0.5130434782608696,0,0.5130434782608696,0.5130434782608696,0.017974928220484826,0,0.017974928220484826,0.017974928220484826,-0.058061138722672677,0.051917426643361769,-0.12608903863607734,-0.00012476395300198284,0.5130434782608696,0,0.5130434782608696,0.5130434782608696,-0.028985507246376847,0.014779766706066027,-0.043478260869565244,-0.0086956521739131043
lstm_seed_mean,LSTM_21,D5,AAPL,transition,stable,3,217,True,reportable,0.010814534881175756,0.00032447875500635052,0.010500684050952497,0.011261379140020998,0.01478156601375407,0.00030387997427716227,0.014532410758183735,0.015209385792495029,0.5161290322580645,0.043393078008680572,0.47465437788018433,0.57603686635944695,0.53917050691244239,0,0.53917050691244239,0.53917050691244239,0.010653792845650342,1.7347234759768071e-18,0.01065379284565034,0.01065379284565034,-0.015087775579477528,0.030456642034186601,-0.057030045841253596,0.014371294516051458,0.52534562211981561,0,0.52534562211981561,0.52534562211981561,-0.0092165898617511122,0.043393078008680572,-0.050691244239631283,0.050691244239631339
lstm_seed_mean,LSTM_21,D5,AAPL,transition,transition,3,35,True,reportable,0.010130538750291931,0.00084772533514488203,0.0095207223474010651,0.011329343104455165,0.013496626829320924,0.00046763478259822383,0.01305986251761865,0.014145068442527624,0.39047619047619042,0.0538748023761179,0.31428571428571428,0.42857142857142855,0.7142857142857143,0,0.7142857142857143,0.7142857142857143,0.0090211979694761885,0,0.0090211979694761885,0.0090211979694761885,-0.12297045077264346,0.093970372672589161,-0.25585794068467815,-0.055372288648918966,0.5714285714285714,0,0.5714285714285714,0.5714285714285714,-0.18095238095238095,0.0538748023761179,-0.25714285714285712,-0.14285714285714285
lstm_seed_mean,LSTM_21,D5,AAPL,trend,negative_trend,3,0,False,descriptive_low_n,,,,,,,,,,,,,,,,,,,,,,,,,,,,,,,,
lstm_seed_mean,LSTM_21,D5,AAPL,trend,positive_trend,3,252,True,reportable,0.010719535418553002,0.00039515887420517537,0.010364578258792575,0.011270818579525744,0.014610017442233711,0.0003245631698309987,0.014336937415754404,0.015066060743671882,0.49867724867724866,0.042780321769302201,0.45238095238095238,0.55555555555555558,0.56349206349206349,0,0.56349206349206349,0.56349206349206349,0.01042704355729282,0,0.01042704355729282,0.01042704355729282,-0.028051274520245879,0.037897499136156955,-0.080921789344859496,0.0059907008306833154,0.53174603174603174,0,0.53174603174603174,0.53174603174603174,-0.03306878306878306,0.042780321769302208,-0.079365079365079361,0.023809523809523836
lstm_seed_mean,LSTM_21,D5,AAPL,volatility,high_volatility,3,93,True,reportable,0.010435885574939657,0.00050448933737582834,0.010053143175921934,0.011148692704630234,0.014444705443003927,0.00043501735392894052,0.014060182822215793,0.01505285966377959,0.48028673835125452,0.058457012294982375,0.41935483870967744,0.55913978494623651,0.59139784946236562,0,0.59139784946236562,0.59139784946236562,0.0098626891475194177,0,0.0098626891475194177,0.0098626891475194177,-0.058117661303804136,0.051151296551074386,-0.13039076238494873,-0.01931055775497259,0.4946236559139785,0,0.4946236559139785,0.4946236559139785,-0.014336917562724039,0.058457012294982375,-0.075268817204301064,0.064516129032258007
lstm_seed_mean,LSTM_21,D5,AAPL,volatility,low_volatility,3,159,True,reportable,0.010885443817647599,0.00033533159571404202,0.010546738401603707,0.011342250695030661,0.014705440683531948,0.00026124579520799408,0.014496363944949983,0.015073776771366388,0.50943396226415094,0.033673749275071295,0.47169811320754718,0.55345911949685533,0.54716981132075471,0,0.54716981132075471,0.54716981132075471,0.010757137646028205,0,0.010757137646028205,0.010757137646028205,-0.011927538332352642,0.031172939005559158,-0.054393005672702666,0.019559036181170608,0.55345911949685533,0,0.55345911949685533,0.55345911949685533,-0.044025157232704393,0.033673749275071295,-0.081761006289308158,0
lstm_seed_mean,LSTM_21,D5,GOOGL,transition,stable,3,217,True,reportable,0.012605346819658169,4.3004515718780577e-05,0.01255975074775696,0.012662999284720367,0.0175967603142228,8.1176109213417678e-06,0.017589161056500657,0.017608011914109028,0.51152073732718895,0.022887349348312342,0.49308755760368661,0.54377880184331795,0.59907834101382484,0,0.59907834101382484,0.59907834101382484,0.01253687957330403,0,0.01253687957330403,0.01253687957330403,-0.0054612669726789393,0.0034302407921628672,-0.010059896537962798,-0.0018243115696534584,0.52534562211981561,0,0.52534562211981561,0.52534562211981561,-0.013824884792626687,0.022887349348312342,-0.032258064516129004,0.018433179723502335
lstm_seed_mean,LSTM_21,D5,GOOGL,transition,transition,3,35,True,reportable,0.013840092052595209,0.00029500362614703863,0.013454653070181483,0.014171080492907632,0.01839550206286554,0.0002890782592901993,0.01807390688628957,0.018774890059894807,0.54285714285714282,0.080812203564176857,0.42857142857142855,0.59999999999999998,0.54285714285714282,0,0.54285714285714282,0.54285714285714282,0.014109293584517667,0,0.014109293584517667,0.014109293584517667,0.019079731406103601,0.020908461814895606,-0.0043791638482713058,0.046397823563224416,0.51428571428571423,0,0.51428571428571423,0.51428571428571423,0.028571428571428598,0.080812203564176857,-0.085714285714285687,0.085714285714285743
lstm_seed_mean,LSTM_21,D5,GOOGL,trend,negative_trend,3,0,False,descriptive_low_n,,,,,,,,,,,,,,,,,,,,,,,,,,,,,,,,
lstm_seed_mean,LSTM_21,D5,GOOGL,trend,positive_trend,3,252,True,reportable,0.012776839213121644,4.9675123244678753e-05,0.012712924127008883,0.012834046966661499,0.017710113557703865,4.8629771134140929e-05,0.017657282678739127,0.017774659767329233,0.51587301587301582,0.0085724083312273495,0.50793650793650791,0.52777777777777779,0.59126984126984128,0,0.59126984126984128,0.59126984126984128,0.012755270408194816,1.7347234759768071e-18,0.012755270408194814,0.012755270408194814,-0.0016909719854291867,0.0038944782552602464,-0.0061760006605642292,0.003319904622227754,0.52380952380952384,0,0.52380952380952384,0.52380952380952384,-0.0079365079365079829,0.0085724083312273495,-0.015873015873015928,0.0039682539682539542
lstm_seed_mean,LSTM_21,D5,GOOGL,volatility,high_volatility,3,93,True,reportable,0.012447794311313196,0.0001554681802591243,0.012239945028116582,0.012613803888408093,0.015747597116022569,7.1625920700256167e-05,0.015690305934146276,0.015848587016575585,0.51971326164874554,0.0050688658149573261,0.5161290322580645,0.5268817204301075,0.56989247311827962,0,0.56989247311827962,0.56989247311827962,0.012449842285892507,0,0.012449842285892507,0.012449842285892507,0.00016449803397367013,0.012487562226815727,-0.013169773459811518,0.016859431063939612,0.56989247311827962,0,0.56989247311827962,0.56989247311827962,-0.050179211469534114,0.0050688658149573261,-0.053763440860215117,-0.043010752688172116
lstm_seed_mean,LSTM_21,D5,GOOGL,volatility,low_volatility,3,159,True,reportable,0.01296929943870772,1.465084349348214e-05,0.012955457647141138,0.012989572279191175,0.01876306646308883,4.3321831052859532e-05,0.018705515220918466,0.018810037206106685,0.51362683438155132,0.015688290929869772,0.49685534591194969,0.53459119496855345,0.60377358490566035,0,0.60377358490566035,0.60377358490566035,0.012933917045767863,0,0.012933917045767863,0.012933917045767863,-0.0027356285659366395,0.0011327460537777518,-0.0043030454908881133,-0.0016654352503615577,0.49685534591194963,5.5511151231257827e-17,0.49685534591194969,0.49685534591194969,0.016771488469601675,0.015688290929869772,0,0.037735849056603765
lstm_seed_mean,LSTM_21,D5,MSFT,transition,stable,3,217,True,reportable,0.010093492985386622,0.00036504143269535028,0.009657378045525359,0.010550790273906815,0.01332167380094604,0.00033174899616079506,0.012852931672730401,0.013573270067736206,0.51305683563748083,0.040232875126601501,0.45622119815668205,0.54377880184331795,0.53917050691244239,0,0.53917050691244239,0.53917050691244239,0.0095515584643262944,0,0.0095515584643262944,0.0095515584643262944,-0.05673781122571523,0.038217996995854396,-0.10461453105401675,-0.011078776473419039,0.52073732718894006,0,0.52073732718894006,0.52073732718894006,-0.0076804915514592604,0.040232875126601508,-0.064516129032258007,0.023041474654377891
lstm_seed_mean,LSTM_21,D5,MSFT,transition,transition,3,35,True,reportable,0.0095020319743797949,0.00027261544110652097,0.0091868271076119851,0.0098518925339091765,0.012543804980344742,0.00055154962893442562,0.012002153938848584,0.013300707760076564,0.41904761904761906,0.0538748023761179,0.34285714285714286,0.45714285714285713,0.51428571428571423,0,0.51428571428571423,0.51428571428571423,0.0089226602229497427,0,0.0089226602229497427,0.0089226602229497427,-0.064932625131221069,0.030553157275375574,-0.10414296720269367,-0.029606292076749252,0.5714285714285714,0,0.5714285714285714,0.5714285714285714,-0.15238095238095237,0.0538748023761179,-0.22857142857142854,-0.11428571428571427
lstm_seed_mean,LSTM_21,D5,MSFT,trend,negative_trend,3,0,False,descriptive_low_n,,,,,,,,,,,,,,,,,,,,,,,,,,,,,,,,
lstm_seed_mean,LSTM_21,D5,MSFT,trend,positive_trend,3,252,True,reportable,0.010011345622746784,0.00033068115538153141,0.0095920237485929462,0.010400316108311176,0.013217156981935459,0.00034108556841138955,0.012738166541233539,0.013505999600950546,0.5,0.03191094730638841,0.45634920634920634,0.53174603174603174,0.5357142857142857,0,0.5357142857142857,0.5357142857142857,0.0094642114863573313,0,0.0094642114863573313,0.0094642114863573313,-0.057810852724302343,0.034940169696990445,-0.098909943348501894,-0.013504797776323629,0.52777777777777779,0,0.52777777777777779,0.52777777777777779,-0.027777777777777807,0.03191094730638841,-0.071428571428571452,0.0039682539682539542
lstm_seed_mean,LSTM_21,D5,MSFT,volatility,high_volatility,3,93,True,reportable,0.01001975261175834,0.00025637089331735023,0.0097336330664555288,0.010355661436150449,0.012817260670688177,0.0002428892296761787,0.012474754934116093,0.013011099644225936,0.5053763440860215,0.023228461284615965,0.4731182795698925,0.5268817204301075,0.5268817204301075,0,0.5268817204301075,0.5268817204301075,0.0095628006636421115,0,0.0095628006636421115,0.0095628006636421115,-0.047784322207359731,0.026809185126285887,-0.082910937955948949,-0.017864264750694137,0.55913978494623651,0,0.55913978494623651,0.55913978494623651,-0.053763440860215006,0.023228461284615965,-0.08602150537634401,-0.032258064516129004
lstm_seed_mean,LSTM_21,D5,MSFT,volatility,low_volatility,3,159,True,reportable,0.010006428327287197,0.00037842203298019871,0.0095091956570129456,0.01042643487882028,0.013445186802082112,0.00039945363652323806,0.012889742640734135,0.013812106132241668,0.49685534591194963,0.037030443883974196,0.44654088050314467,0.53459119496855345,0.54088050314465408,0,0.54088050314465408,0.54088050314465408,0.0094065461185115166,0,0.0094065461185115166,0.0094065461185115166,-0.063772845124859145,0.040229647334156737,-0.10842329878143953,-0.010912564208814146,0.50943396226415094,0,0.50943396226415094,0.50943396226415094,-0.012578616352201255,0.037030443883974196,-0.062893081761006275,0.02515723270440251
lstm_seed_mean,LSTM_21,D5,NVDA,transition,stable,3,217,True,reportable,0.024102005892057372,0.00014658906864859449,0.023911773344650097,0.024268474923248705,0.031898307836586405,0.00020567146206643255,0.031611306099505743,0.032082718699594198,0.53609831029185873,0.016966760395064933,0.5161290322580645,0.55760368663594473,0.54838709677419351,0,0.54838709677419351,0.54838709677419351,0.02400602453907472,0,0.02400602453907472,0.02400602453907472,-0.0039982193980689917,0.0061063450305980614,-0.01093268832358274,0.0039261475498040266,0.50230414746543783,0,0.50230414746543783,0.50230414746543783,0.033794162826420858,0.016966760395064933,0.013824884792626668,0.055299539170506895
lstm_seed_mean,LSTM_21,D5,NVDA,transition,transition,3,35,True,reportable,0.028918285763224898,0.00058687863473905547,0.028481195713193647,0.029747857804003758,0.03956452419844713,0.00049503583590014739,0.038901830078181106,0.040091365748174269,0.61904761904761907,0.058708704790180748,0.54285714285714282,0.68571428571428572,0.59999999999999998,0,0.59999999999999998,0.59999999999999998,0.029594570451899355,0,0.029594570451899355,0.029594570451899355,0.022851647391660495,0.019830618447154683,-0.0051795768535833897,0.037620912272245954,0.42857142857142855,0,0.42857142857142855,0.42857142857142855,0.19047619047619047,0.058708704790180748,0.11428571428571427,0.25714285714285717
lstm_seed_mean,LSTM_21,D5,NVDA,trend,negative_trend,3,0,False,descriptive_low_n,,,,,,,,,,,,,,,,,,,,,,,,,,,,,,,,
lstm_seed_mean,LSTM_21,D5,NVDA,trend,positive_trend,3,252,True,reportable,0.024770933651941749,0.00015990612698753344,0.024546415340281152,0.024906615018791423,0.03306960927488365,0.0002523090863961012,0.032721160665188355,0.03331037294716227,0.54761904761904756,0.014123119380993801,0.5357142857142857,0.56746031746031744,0.55555555555555558,0,0.55555555555555558,0.55555555555555558,0.024782211471411474,3.4694469519536142e-18,0.024782211471411471,0.024782211471411471,0.00045507720256247425,0.0064524559146789569,-0.0050198727229595619,0.0095147332352615299,0.49206349206349204,0,0.49206349206349204,0.49206349206349204,0.055555555555555559,0.014123119380993801,0.043650793650793662,0.075396825396825407
lstm_seed_mean,LSTM_21,D5,NVDA,volatility,high_volatility,3,93,True,reportable,0.025432018445870105,0.00017050593322279816,0.025241691550970904,0.025655401098998058,0.033855137507127653,0.00030069783736520056,0.03362533759050236,0.034279912896595176,0.54121863799283154,0.030832707050332014,0.5053763440860215,0.58064516129032262,0.5268817204301075,0,0.5268817204301075,0.5268817204301075,0.025391251947432639,0,0.025391251947432639,0.025391251947432639,-0.0016055332175768748,0.0067151447898589154,-0.010403155862983127,0.0058902332492848375,0.44086021505376344,0,0.44086021505376344,0.44086021505376344,0.1003584229390681,0.030832707050332014,0.064516129032258063,0.13978494623655918
lstm_seed_mean,LSTM_21,D5,NVDA,volatility,low_volatility,3,159,True,reportable,0.024384261413983654,0.00024760326818824965,0.024047755571070459,0.024636382868813703,0.032600535343771379,0.00032081614492727794,0.032159227699432441,0.032912404134860511,0.55136268343815509,0.011859233227447336,0.53459119496855345,0.55974842767295596,0.57232704402515722,0,0.57232704402515722,0.57232704402515722,0.024425980249587767,0,0.024425980249587767,0.024425980249587767,0.0017079697591591374,0.010136881535897807,-0.0086138864060323339,0.015484524045813575,0.5220125786163522,0,0.5220125786163522,0.5220125786163522,0.02935010482180293,0.011859233227447336,0.012578616352201255,0.037735849056603765
