fold,asset,n_observations,baseline_mae,baseline_rmse,baseline_direction_persistence_da,actual_positive_class_balance,lightgbm_selected_config,lightgbm_mae,lightgbm_rmse,lightgbm_da,lightgbm_mae_skill,lightgbm_da_difference,lstm_selected_context,lstm_seed_mean_mae,lstm_seed_std_mae,lstm_seed_mean_rmse,lstm_seed_mean_da,lstm_seed_std_da,lstm_seed_mean_mae_skill,lstm_seed_std_mae_skill,lstm_seed_mean_da_difference,generation_timestamp_utc,experiment_spec_version,experiment_spec_sha256,model_preregistration_path,model_preregistration_sha256,baseline_prediction_sha256,lightgbm_prediction_sha256,lstm_prediction_sha256,source_tree_sha256,source_revision
D1,AAPL,253,0.020455341035014916,0.02944099209679981,0.40316205533596838,0.54150197628458496,LGBM_01,0.020395966558635594,0.029354039468796132,0.53359683794466406,0.0029026392802586898,0.13043478260869568,LSTM_63,0.020925375812986525,0.00019351111598501965,0.030104126572448597,0.51515151515151514,0.0018632589754586126,-0.022978584281093895,0.0094601754942033427,0.1119894598155468,2026-09-14T15:00:42.828778Z,1.1,4a29b96a7c826634d2dede63220c378737c0e545a7e733491a0a7002d69fc5b9,docs/MODEL_PREREGISTRATION.md,be04b9ce8457c5b26a8042f548eccce8ddb4b5d1b86a1404a43ef1bb1a52d613,e09e4909e9af7b7836c5e0b2c8d7b320d2848d5da9b33b8c9492421e0a108bb4,36445836777cba815bc240c0c7229838cdc2177e94f50bac7905b8e2a9ace0c7,f624bc00c41a430c6e79188fe8b10a1bc03714971719789d5162446c70c7df60,fe37172dca930c566701f5a8508952705ecb7895784baaae60fabeda519920e3,not_available_repository_has_no_git_metadata
D1,GOOGL,253,0.016777620962639003,0.024292302822962953,0.43478260869565216,0.5731225296442688,LGBM_01,0.016640531593804811,0.024177560456743883,0.52569169960474305,0.0081709659038946558,0.090909090909090884,LSTM_63,0.018128694908214265,0.001636663620965186,0.026074257024552894,0.51119894598155469,0.027065399979149089,-0.080528338826099333,0.097550399106629396,0.076416337285902525,2026-09-14T15:00:42.828778Z,1.1,4a29b96a7c826634d2dede63220c378737c0e545a7e733491a0a7002d69fc5b9,docs/MODEL_PREREGISTRATION.md,be04b9ce8457c5b26a8042f548eccce8ddb4b5d1b86a1404a43ef1bb1a52d613,e09e4909e9af7b7836c5e0b2c8d7b320d2848d5da9b33b8c9492421e0a108bb4,36445836777cba815bc240c0c7229838cdc2177e94f50bac7905b8e2a9ace0c7,f624bc00c41a430c6e79188fe8b10a1bc03714971719789d5162446c70c7df60,fe37172dca930c566701f5a8508952705ecb7895784baaae60fabeda519920e3,not_available_repository_has_no_git_metadata
D1,MSFT,253,0.018629674995092195,0.02769251865029489,0.40711462450592883,0.56521739130434778,LGBM_01,0.018609855861835663,0.027550292260797509,0.54150197628458496,0.0010638475046801377,0.13438735177865613,LSTM_63,0.021997550560541212,0.0020694833525276932,0.031615392175045699,0.49802371541501972,0.02813459354948963,-0.18078015673039113,0.11108531700487947,0.090909090909090925,2026-09-14T15:00:42.828778Z,1.1,4a29b96a7c826634d2dede63220c378737c0e545a7e733491a0a7002d69fc5b9,docs/MODEL_PREREGISTRATION.md,be04b9ce8457c5b26a8042f548eccce8ddb4b5d1b86a1404a43ef1bb1a52d613,e09e4909e9af7b7836c5e0b2c8d7b320d2848d5da9b33b8c9492421e0a108bb4,36445836777cba815bc240c0c7229838cdc2177e94f50bac7905b8e2a9ace0c7,f624bc00c41a430c6e79188fe8b10a1bc03714971719789d5162446c70c7df60,fe37172dca930c566701f5a8508952705ecb7895784baaae60fabeda519920e3,not_available_repository_has_no_git_metadata
D1,NVDA,253,0.025983346859905297,0.036674230079514397,0.45849802371541504,0.58498023715415015,LGBM_01,0.025686591499812984,0.036508938497484225,0.58498023715415015,0.011420982896942933,0.12648221343873511,LSTM_63,0.0256188460056678,0.0007652940523703082,0.036726282689501365,0.54677206851119886,0.023788498136057691,0.014028248793459134,0.029453251595976133,0.088274044795783935,2026-09-14T15:00:42.828778Z,1.1,4a29b96a7c826634d2dede63220c378737c0e545a7e733491a0a7002d69fc5b9,docs/MODEL_PREREGISTRATION.md,be04b9ce8457c5b26a8042f548eccce8ddb4b5d1b86a1404a43ef1bb1a52d613,e09e4909e9af7b7836c5e0b2c8d7b320d2848d5da9b33b8c9492421e0a108bb4,36445836777cba815bc240c0c7229838cdc2177e94f50bac7905b8e2a9ace0c7,f624bc00c41a430c6e79188fe8b10a1bc03714971719789d5162446c70c7df60,fe37172dca930c566701f5a8508952705ecb7895784baaae60fabeda519920e3,not_available_repository_has_no_git_metadata
D2,AAPL,252,0.012167949778637029,0.015819183344336699,0.5,0.53174603174603174,LGBM_02,0.01220877139095611,0.015888556439724449,0.52777777777777779,-0.0033548472061208923,0.02777777777777779,LSTM_63,0.012484684622882533,0.00070865087025964583,0.016219048740832201,0.53703703703703709,0.010415354330703468,-0.026030255713381429,0.058239135035205981,0.037037037037037056,2026-09-14T15:00:42.828778Z,1.1,4a29b96a7c826634d2dede63220c378737c0e545a7e733491a0a7002d69fc5b9,docs/MODEL_PREREGISTRATION.md,be04b9ce8457c5b26a8042f548eccce8ddb4b5d1b86a1404a43ef1bb1a52d613,e09e4909e9af7b7836c5e0b2c8d7b320d2848d5da9b33b8c9492421e0a108bb4,36445836777cba815bc240c0c7229838cdc2177e94f50bac7905b8e2a9ace0c7,f624bc00c41a430c6e79188fe8b10a1bc03714971719789d5162446c70c7df60,fe37172dca930c566701f5a8508952705ecb7895784baaae60fabeda519920e3,not_available_repository_has_no_git_metadata
D2,GOOGL,252,0.011057931429548631,0.015349284448103446,0.50396825396825395,0.5714285714285714,LGBM_02,0.010905245876217152,0.015212281592682422,0.5714285714285714,0.013807786230567332,0.067460317460317443,LSTM_63,0.010958514143938655,8.8787246047347619e-05,0.015168911640651339,0.53703703703703709,0.012266691131608061,0.0089905861908599425,0.0080292816620379306,0.033068783068783102,2026-09-14T15:00:42.828778Z,1.1,4a29b96a7c826634d2dede63220c378737c0e545a7e733491a0a7002d69fc5b9,docs/MODEL_PREREGISTRATION.md,be04b9ce8457c5b26a8042f548eccce8ddb4b5d1b86a1404a43ef1bb1a52d613,e09e4909e9af7b7836c5e0b2c8d7b320d2848d5da9b33b8c9492421e0a108bb4,36445836777cba815bc240c0c7229838cdc2177e94f50bac7905b8e2a9ace0c7,f624bc00c41a430c6e79188fe8b10a1bc03714971719789d5162446c70c7df60,fe37172dca930c566701f5a8508952705ecb7895784baaae60fabeda519920e3,not_available_repository_has_no_git_metadata
D2,MSFT,252,0.010131881711597122,0.01332034778497505,0.49603174603174605,0.52777777777777779,LGBM_02,0.010198486435250174,0.01321199957083943,0.50793650793650791,-0.0065737762785775811,0.011904761904761862,LSTM_63,0.010650520800639851,6.0960678478030322e-05,0.013581379603912208,0.51984126984126977,0.012960263189328984,-0.051188821958816133,0.0060167183365607097,0.023809523809523798,2026-09-14T15:00:42.828778Z,1.1,4a29b96a7c826634d2dede63220c378737c0e545a7e733491a0a7002d69fc5b9,docs/MODEL_PREREGISTRATION.md,be04b9ce8457c5b26a8042f548eccce8ddb4b5d1b86a1404a43ef1bb1a52d613,e09e4909e9af7b7836c5e0b2c8d7b320d2848d5da9b33b8c9492421e0a108bb4,36445836777cba815bc240c0c7229838cdc2177e94f50bac7905b8e2a9ace0c7,f624bc00c41a430c6e79188fe8b10a1bc03714971719789d5162446c70c7df60,fe37172dca930c566701f5a8508952705ecb7895784baaae60fabeda519920e3,not_available_repository_has_no_git_metadata
D2,NVDA,252,0.021335020294520699,0.02827519971236685,0.48412698412698413,0.5357142857142857,LGBM_02,0.02159046789263332,0.028533064846091666,0.49603174603174605,-0.011973159368319219,0.011904761904761918,LSTM_63,0.021930759386663817,0.00026291641459357917,0.028535259100387362,0.48148148148148145,0.016307973552827992,-0.027923061891631518,0.012323232458377513,-0.0026455026455026545,2026-09-14T15:00:42.828778Z,1.1,4a29b96a7c826634d2dede63220c378737c0e545a7e733491a0a7002d69fc5b9,docs/MODEL_PREREGISTRATION.md,be04b9ce8457c5b26a8042f548eccce8ddb4b5d1b86a1404a43ef1bb1a52d613,e09e4909e9af7b7836c5e0b2c8d7b320d2848d5da9b33b8c9492421e0a108bb4,36445836777cba815bc240c0c7229838cdc2177e94f50bac7905b8e2a9ace0c7,f624bc00c41a430c6e79188fe8b10a1bc03714971719789d5162446c70c7df60,fe37172dca930c566701f5a8508952705ecb7895784baaae60fabeda519920e3,not_available_repository_has_no_git_metadata
D3,AAPL,251,0.017360004436355988,0.022436305666625085,0.50996015936254979,0.47011952191235062,LGBM_01,0.018190814425349536,0.023105337093600468,0.49003984063745021,-0.047857706029938329,-0.019920318725099584,LSTM_21,0.018418118049309682,0.00060028536587442547,0.023460938530773388,0.47675962815405049,0.0067716062597513683,-0.060951229409697216,0.034578641271386115,-0.033200531208499307,2026-09-14T15:00:42.828778Z,1.1,4a29b96a7c826634d2dede63220c378737c0e545a7e733491a0a7002d69fc5b9,docs/MODEL_PREREGISTRATION.md,be04b9ce8457c5b26a8042f548eccce8ddb4b5d1b86a1404a43ef1bb1a52d613,e09e4909e9af7b7836c5e0b2c8d7b320d2848d5da9b33b8c9492421e0a108bb4,36445836777cba815bc240c0c7229838cdc2177e94f50bac7905b8e2a9ace0c7,f624bc00c41a430c6e79188fe8b10a1bc03714971719789d5162446c70c7df60,fe37172dca930c566701f5a8508952705ecb7895784baaae60fabeda519920e3,not_available_repository_has_no_git_metadata
D3,GOOGL,251,0.018757769316426243,0.024389559140793413,0.51394422310756971,0.45019920318725098,LGBM_01,0.018994568230410951,0.024616618645226438,0.44621513944223107,-0.012624044468728002,-0.067729083665338641,LSTM_21,0.019388598809680479,0.00017141444914896151,0.025101873844812928,0.48605577689243029,0.0065059488520137479,-0.033630304468123283,0.0091383173690516278,-0.027888446215139417,2026-09-14T15:00:42.828778Z,1.1,4a29b96a7c826634d2dede63220c378737c0e545a7e733491a0a7002d69fc5b9,docs/MODEL_PREREGISTRATION.md,be04b9ce8457c5b26a8042f548eccce8ddb4b5d1b86a1404a43ef1bb1a52d613,e09e4909e9af7b7836c5e0b2c8d7b320d2848d5da9b33b8c9492421e0a108bb4,36445836777cba815bc240c0c7229838cdc2177e94f50bac7905b8e2a9ace0c7,f624bc00c41a430c6e79188fe8b10a1bc03714971719789d5162446c70c7df60,fe37172dca930c566701f5a8508952705ecb7895784baaae60fabeda519920e3,not_available_repository_has_no_git_metadata
D3,MSFT,251,0.017186232093086729,0.022244715167999203,0.50597609561752988,0.46215139442231074,LGBM_01,0.017345079159551812,0.022356000773373349,0.46215139442231074,-0.0092426929652009715,-0.04382470119521914,LSTM_21,0.018948423539269246,0.00019450865270211171,0.024205921152614718,0.4953519256308101,0.01466847412641069,-0.10253506624592672,0.011317701963326441,-0.010624169986719778,2026-09-14T15:00:42.828778Z,1.1,4a29b96a7c826634d2dede63220c378737c0e545a7e733491a0a7002d69fc5b9,docs/MODEL_PREREGISTRATION.md,be04b9ce8457c5b26a8042f548eccce8ddb4b5d1b86a1404a43ef1bb1a52d613,e09e4909e9af7b7836c5e0b2c8d7b320d2848d5da9b33b8c9492421e0a108bb4,36445836777cba815bc240c0c7229838cdc2177e94f50bac7905b8e2a9ace0c7,f624bc00c41a430c6e79188fe8b10a1bc03714971719789d5162446c70c7df60,fe37172dca930c566701f5a8508952705ecb7895784baaae60fabeda519920e3,not_available_repository_has_no_git_metadata
D3,NVDA,251,0.032033942243577009,0.039808021439038756,0.55776892430278879,0.48605577689243029,LGBM_01,0.032089297025757954,0.039992930399579969,0.48605577689243029,-0.0017280040576974631,-0.071713147410358502,LSTM_21,0.033114674586029937,0.00025832503370172203,0.041372453314590281,0.49136786188579018,0.0049690005136440079,-0.033737100923618701,0.0080641037477526961,-0.066401062416998613,2026-09-14T15:00:42.828778Z,1.1,4a29b96a7c826634d2dede63220c378737c0e545a7e733491a0a7002d69fc5b9,docs/MODEL_PREREGISTRATION.md,be04b9ce8457c5b26a8042f548eccce8ddb4b5d1b86a1404a43ef1bb1a52d613,e09e4909e9af7b7836c5e0b2c8d7b320d2848d5da9b33b8c9492421e0a108bb4,36445836777cba815bc240c0c7229838cdc2177e94f50bac7905b8e2a9ace0c7,f624bc00c41a430c6e79188fe8b10a1bc03714971719789d5162446c70c7df60,fe37172dca930c566701f5a8508952705ecb7895784baaae60fabeda519920e3,not_available_repository_has_no_git_metadata
D4,AAPL,250,0.0098334497816842011,0.012849835886383006,0.5,0.56000000000000005,LGBM_03,0.0097661930033305453,0.01279212278040965,0.56000000000000005,0.0068395913791036156,0.060000000000000053,LSTM_63,0.010147874128956694,0.00030948521992502293,0.013212358590223095,0.52400000000000002,0.0097979589711327201,-0.031974978695486822,0.03147270050653745,0.024000000000000021,2026-09-14T15:00:42.828778Z,1.1,4a29b96a7c826634d2dede63220c378737c0e545a7e733491a0a7002d69fc5b9,docs/MODEL_PREREGISTRATION.md,be04b9ce8457c5b26a8042f548eccce8ddb4b5d1b86a1404a43ef1bb1a52d613,e09e4909e9af7b7836c5e0b2c8d7b320d2848d5da9b33b8c9492421e0a108bb4,36445836777cba815bc240c0c7229838cdc2177e94f50bac7905b8e2a9ace0c7,f624bc00c41a430c6e79188fe8b10a1bc03714971719789d5162446c70c7df60,fe37172dca930c566701f5a8508952705ecb7895784baaae60fabeda519920e3,not_available_repository_has_no_git_metadata
D4,GOOGL,250,0.013902823665928399,0.019200765501711192,0.504,0.54400000000000004,LGBM_03,0.013843959914294043,0.019125876527497865,0.54400000000000004,0.0042339421867669813,0.040000000000000036,LSTM_63,0.013871767071040023,0.00017101882732416251,0.019300486365178782,0.55466666666666675,0.023170862929310337,0.0022338336178775084,0.01230101391153207,0.050666666666666672,2026-09-14T15:00:42.828778Z,1.1,4a29b96a7c826634d2dede63220c378737c0e545a7e733491a0a7002d69fc5b9,docs/MODEL_PREREGISTRATION.md,be04b9ce8457c5b26a8042f548eccce8ddb4b5d1b86a1404a43ef1bb1a52d613,e09e4909e9af7b7836c5e0b2c8d7b320d2848d5da9b33b8c9492421e0a108bb4,36445836777cba815bc240c0c7229838cdc2177e94f50bac7905b8e2a9ace0c7,f624bc00c41a430c6e79188fe8b10a1bc03714971719789d5162446c70c7df60,fe37172dca930c566701f5a8508952705ecb7895784baaae60fabeda519920e3,not_available_repository_has_no_git_metadata
D4,MSFT,250,0.012056542331035563,0.015798793382046459,0.51600000000000001,0.55200000000000005,LGBM_03,0.01198817130181379,0.015718253861988239,0.55200000000000005,0.0056708654392375601,0.036000000000000032,LSTM_63,0.012146497705544332,7.9260358657167289e-05,0.01595050465063887,0.53600000000000003,0.008640987597877155,-0.0074611254237633524,0.0065740538606278362,0.020000000000000018,2026-09-14T15:00:42.828778Z,1.1,4a29b96a7c826634d2dede63220c378737c0e545a7e733491a0a7002d69fc5b9,docs/MODEL_PREREGISTRATION.md,be04b9ce8457c5b26a8042f548eccce8ddb4b5d1b86a1404a43ef1bb1a52d613,e09e4909e9af7b7836c5e0b2c8d7b320d2848d5da9b33b8c9492421e0a108bb4,36445836777cba815bc240c0c7229838cdc2177e94f50bac7905b8e2a9ace0c7,f624bc00c41a430c6e79188fe8b10a1bc03714971719789d5162446c70c7df60,fe37172dca930c566701f5a8508952705ecb7895784baaae60fabeda519920e3,not_available_repository_has_no_git_metadata
D4,NVDA,250,0.021157183729586658,0.029806429689948621,0.55600000000000005,0.56799999999999995,LGBM_03,0.02092623312929056,0.029532702912310513,0.54800000000000004,0.010915942464172712,-0.0080000000000000071,LSTM_63,0.02217567870694355,0.00095887454029667434,0.030988041980937329,0.47333333333333333,0.040835714216302825,-0.048139440030130487,0.045321463978958837,-0.082666666666666722,2026-09-14T15:00:42.828778Z,1.1,4a29b96a7c826634d2dede63220c378737c0e545a7e733491a0a7002d69fc5b9,docs/MODEL_PREREGISTRATION.md,be04b9ce8457c5b26a8042f548eccce8ddb4b5d1b86a1404a43ef1bb1a52d613,e09e4909e9af7b7836c5e0b2c8d7b320d2848d5da9b33b8c9492421e0a108bb4,36445836777cba815bc240c0c7229838cdc2177e94f50bac7905b8e2a9ace0c7,f624bc00c41a430c6e79188fe8b10a1bc03714971719789d5162446c70c7df60,fe37172dca930c566701f5a8508952705ecb7895784baaae60fabeda519920e3,not_available_repository_has_no_git_metadata
D5,AAPL,252,0.01042704355729282,0.014245092785302676,0.53174603174603174,0.56349206349206349,LGBM_01,0.010377142696272412,0.014220464774960591,0.56349206349206349,0.0047857152169952233,0.031746031746031744,LSTM_21,0.010719535418553002,0.00039515887420517537,0.014610017442233711,0.49867724867724866,0.042780321769302201,-0.028051274520245879,0.037897499136156955,-0.03306878306878306,2026-09-14T15:00:42.828778Z,1.1,4a29b96a7c826634d2dede63220c378737c0e545a7e733491a0a7002d69fc5b9,docs/MODEL_PREREGISTRATION.md,be04b9ce8457c5b26a8042f548eccce8ddb4b5d1b86a1404a43ef1bb1a52d613,e09e4909e9af7b7836c5e0b2c8d7b320d2848d5da9b33b8c9492421e0a108bb4,36445836777cba815bc240c0c7229838cdc2177e94f50bac7905b8e2a9ace0c7,f624bc00c41a430c6e79188fe8b10a1bc03714971719789d5162446c70c7df60,fe37172dca930c566701f5a8508952705ecb7895784baaae60fabeda519920e3,not_available_repository_has_no_git_metadata
D5,GOOGL,252,0.012755270408194814,0.017635075694171842,0.52380952380952384,0.59126984126984128,LGBM_01,0.012451104699920707,0.017488535630761186,0.58333333333333337,0.023846276757777729,0.059523809523809534,LSTM_21,0.012776839213121644,4.9675123244678753e-05,0.017710113557703865,0.51587301587301582,0.0085724083312273495,-0.0016909719854291867,0.0038944782552602464,-0.0079365079365079829,2026-09-14T15:00:42.828778Z,1.1,4a29b96a7c826634d2dede63220c378737c0e545a7e733491a0a7002d69fc5b9,docs/MODEL_PREREGISTRATION.md,be04b9ce8457c5b26a8042f548eccce8ddb4b5d1b86a1404a43ef1bb1a52d613,e09e4909e9af7b7836c5e0b2c8d7b320d2848d5da9b33b8c9492421e0a108bb4,36445836777cba815bc240c0c7229838cdc2177e94f50bac7905b8e2a9ace0c7,f624bc00c41a430c6e79188fe8b10a1bc03714971719789d5162446c70c7df60,fe37172dca930c566701f5a8508952705ecb7895784baaae60fabeda519920e3,not_available_repository_has_no_git_metadata
D5,MSFT,252,0.0094642114863573313,0.012625534427869877,0.52777777777777779,0.5357142857142857,LGBM_01,0.0095588829030841104,0.012738797402838262,0.51190476190476186,-0.010003096070205997,-0.015873015873015928,LSTM_21,0.010011345622746784,0.00033068115538153141,0.013217156981935459,0.5,0.03191094730638841,-0.057810852724302343,0.034940169696990445,-0.027777777777777807,2026-09-14T15:00:42.828778Z,1.1,4a29b96a7c826634d2dede63220c378737c0e545a7e733491a0a7002d69fc5b9,docs/MODEL_PREREGISTRATION.md,be04b9ce8457c5b26a8042f548eccce8ddb4b5d1b86a1404a43ef1bb1a52d613,e09e4909e9af7b7836c5e0b2c8d7b320d2848d5da9b33b8c9492421e0a108bb4,36445836777cba815bc240c0c7229838cdc2177e94f50bac7905b8e2a9ace0c7,f624bc00c41a430c6e79188fe8b10a1bc03714971719789d5162446c70c7df60,fe37172dca930c566701f5a8508952705ecb7895784baaae60fabeda519920e3,not_available_repository_has_no_git_metadata
D5,NVDA,252,0.024782211471411471,0.032971145117216501,0.49206349206349204,0.55555555555555558,LGBM_01,0.024603051559967296,0.032788735368621626,0.55555555555555558,0.0072293754595247339,0.063492063492063544,LSTM_21,0.024770933651941749,0.00015990612698753344,0.03306960927488365,0.54761904761904756,0.014123119380993801,0.00045507720256247425,0.0064524559146789569,0.055555555555555559,2026-09-14T15:00:42.828778Z,1.1,4a29b96a7c826634d2dede63220c378737c0e545a7e733491a0a7002d69fc5b9,docs/MODEL_PREREGISTRATION.md,be04b9ce8457c5b26a8042f548eccce8ddb4b5d1b86a1404a43ef1bb1a52d613,e09e4909e9af7b7836c5e0b2c8d7b320d2848d5da9b33b8c9492421e0a108bb4,36445836777cba815bc240c0c7229838cdc2177e94f50bac7905b8e2a9ace0c7,f624bc00c41a430c6e79188fe8b10a1bc03714971719789d5162446c70c7df60,fe37172dca930c566701f5a8508952705ecb7895784baaae60fabeda519920e3,not_available_repository_has_no_git_metadata
