run_id,fold,winning_model_config_id,context_length,asset,seed,best_epoch,candidate_validation_mae,candidate_checkpoint_identifier
phase2f_lstm_dev_9352da6b4340,D1,LSTM_63,63,AAPL,1729,39,0.012183242478155108,43f7214beb44af2e20a819b7b83709baa0579e9cb7013345ef6599f092a89d3b
phase2f_lstm_dev_9352da6b4340,D1,LSTM_63,63,AAPL,2718,25,0.0121927473324427,bf16238966456fade2e8d0e4f68256b4f03c488df83f2aa1b6c5456a276cb379
phase2f_lstm_dev_9352da6b4340,D1,LSTM_63,63,AAPL,31415,45,0.011556638062396063,15e32f5df46d83d1192a1c30578f4b9a966a03b607e976296d869e28606b5540
phase2f_lstm_dev_9352da6b4340,D1,LSTM_63,63,GOOGL,1729,42,0.01015257994676797,2b4f34110bfb34ac32b250ec550696e8956777cf23eada6dbdf3ee8cad80b7e8
phase2f_lstm_dev_9352da6b4340,D1,LSTM_63,63,GOOGL,2718,38,0.010056139992749584,8207ab8c36f4ae20a2f24a70a427605a2a3dc283fe697133e4806b4c8a3a34ca
phase2f_lstm_dev_9352da6b4340,D1,LSTM_63,63,GOOGL,31415,18,0.011249689258543112,f94086f6d4d08ae610438567cc829abb47d4476e3ad0d4c7525deb1945b7d14c
phase2f_lstm_dev_9352da6b4340,D1,LSTM_63,63,MSFT,1729,15,0.010528746120822717,bfa084f155e70be84f640050b89a09ed1c7ec0ab125af33668daaaf45a93a10a
phase2f_lstm_dev_9352da6b4340,D1,LSTM_63,63,MSFT,2718,19,0.0096113774945970083,7bc0d17bfbdd1d981cd69e375b08b892c2246cbd0a935165f1ee5cba519f6a1a
phase2f_lstm_dev_9352da6b4340,D1,LSTM_63,63,MSFT,31415,11,0.011461866278743458,66c7b24f572dedd13f607e980a683c3411f79e83cbf9ae72eb5ec54a28e70d1c
phase2f_lstm_dev_9352da6b4340,D1,LSTM_63,63,NVDA,1729,18,0.018622733229893215,91554ff2c33086ed49589ccc1fc88a0b1b98710e9744c93af7646db6259d72b6
phase2f_lstm_dev_9352da6b4340,D1,LSTM_63,63,NVDA,2718,32,0.018798312281548518,2fed2e51bfbca08dcff44c9e617cadee2687475eced0eb4e7df39d46c0cf1b33
phase2f_lstm_dev_9352da6b4340,D1,LSTM_63,63,NVDA,31415,38,0.018613444211373533,8004adc49976b0f0704ecb6cf3624c6cc56b596a5619c2925720836f4d4b1e28
phase2f_lstm_dev_9352da6b4340,D2,LSTM_63,63,AAPL,1729,23,0.020994211805876475,ab700f9be61a3a5b6db7f9c177b888f018dd181bd51a77aa5d189dd4601cd8df
phase2f_lstm_dev_9352da6b4340,D2,LSTM_63,63,AAPL,2718,42,0.020464035183157481,c65b4014f837d440c2d0f4104bef4ecc89a8a5de021a949b0e68bcc27822a051
phase2f_lstm_dev_9352da6b4340,D2,LSTM_63,63,AAPL,31415,59,0.020232334353135331,0f87ba19919a46a4a9d02a04297073b1769c02bcbf50f7aa89a1de3a2c10210a
phase2f_lstm_dev_9352da6b4340,D2,LSTM_63,63,GOOGL,1729,57,0.016584866295470634,362f1d2d6a3f773725c696e17f8d28b0733e3ec8e79fc73843489620c5fb2f53
phase2f_lstm_dev_9352da6b4340,D2,LSTM_63,63,GOOGL,2718,50,0.016676689833050626,ccb2bcba43bd4e5a5b277736b882a94352821a6ceabe3f15b8e65bce9bc59e0d
phase2f_lstm_dev_9352da6b4340,D2,LSTM_63,63,GOOGL,31415,39,0.017020475405041521,48812144997faeca831a9681d77748f05f96068ab588ff802cb27099816accb1
phase2f_lstm_dev_9352da6b4340,D2,LSTM_63,63,MSFT,1729,29,0.018680370370088985,f0abd001893c1a8b31c1a60c8c7d620ab437f2683136df74f061d40f8285e279
phase2f_lstm_dev_9352da6b4340,D2,LSTM_63,63,MSFT,2718,60,0.018513355797672968,99c1d1c22534d1b9948b4f8de8a601c6fa7ece14bde7a42feb48daa9ca73070c
phase2f_lstm_dev_9352da6b4340,D2,LSTM_63,63,MSFT,31415,57,0.018618111141240446,8a8ad0282484ee7f58c1e83067f8252b7520e840673ab5b50022a9092e23d981
phase2f_lstm_dev_9352da6b4340,D2,LSTM_63,63,NVDA,1729,14,0.025481158705279158,02345170951b484f28092a9f56d9b7e69949977f01270cccb982313e2334349f
phase2f_lstm_dev_9352da6b4340,D2,LSTM_63,63,NVDA,2718,57,0.023827532750290724,f4f850c574f6a0fee8f9379f031651dc74305f064e7ab6c49b0f206befed63a1
phase2f_lstm_dev_9352da6b4340,D2,LSTM_63,63,NVDA,31415,59,0.024444775045375438,2a37d612ca49951e084c1cb8e7d22d2f87750d0f2e943245cd61b9fdfaae27b3
phase2f_lstm_dev_9352da6b4340,D3,LSTM_21,21,AAPL,1729,29,0.012162428832587986,fedb7fe18f67e17901c85835826cd48149c7790725cb07a7e32b8aabd545e311
phase2f_lstm_dev_9352da6b4340,D3,LSTM_21,21,AAPL,2718,21,0.01201759187131843,a8ededd258d0f53adba94069eb0e8385f10aaedac97c2de59dee61e6e76ada51
phase2f_lstm_dev_9352da6b4340,D3,LSTM_21,21,AAPL,31415,18,0.012205706167497695,0df6c34e576cec4e5a0bdb9cc45dae05f6d5a9ee25f7f8f57890faa56ee4968a
phase2f_lstm_dev_9352da6b4340,D3,LSTM_21,21,GOOGL,1729,43,0.010994777381364699,cb8ce4875a07ec869187c3235fbf9903017b41c5702d08b14589936a6c3932e2
phase2f_lstm_dev_9352da6b4340,D3,LSTM_21,21,GOOGL,2718,19,0.010835973530664064,4e36c95bbca67cfac587ff363217432f6a3bcb08d72553ee9df6213406d235a7
phase2f_lstm_dev_9352da6b4340,D3,LSTM_21,21,GOOGL,31415,31,0.011028349565412288,02b9caeecf15ba68c130056f3d8128727b8261c926878ae41c3e2ab5eb3cbbc6
phase2f_lstm_dev_9352da6b4340,D3,LSTM_21,21,MSFT,1729,14,0.010432509404063961,b0db162d06ab47bbb4aa2d656ab332d2629636920f7f4876d99801672e896999
phase2f_lstm_dev_9352da6b4340,D3,LSTM_21,21,MSFT,2718,21,0.010229792443198445,df914e39b84f367fe8d0adbf96ac7228a26418588cc2ae969cd792e384c54b4e
phase2f_lstm_dev_9352da6b4340,D3,LSTM_21,21,MSFT,31415,27,0.010475253554172273,54baab6bd3dc81aa7eb72a83bae7f81bd7b29af0db8339fc110bd44fe2f7a0a2
phase2f_lstm_dev_9352da6b4340,D3,LSTM_21,21,NVDA,1729,40,0.021593406231471501,3b3739e4e63c7f136635b1c2b571b5ec6cfb3ba96513d6918196cd0b152fb703
phase2f_lstm_dev_9352da6b4340,D3,LSTM_21,21,NVDA,2718,15,0.021405431518187037,da9437d2eacc944b6b3c2162b5ac9367d3b1f7665a8a4ad172913c471a2a7b4a
phase2f_lstm_dev_9352da6b4340,D3,LSTM_21,21,NVDA,31415,19,0.021451947665015708,0b3ad2f21d602dc7719653e438e72397d991dfd5c796240460eab54f1624ebc9
phase2f_lstm_dev_9352da6b4340,D4,LSTM_63,63,AAPL,1729,23,0.017652917285031218,091138463da3299de1d2f5d29b112ab523a6e260dd6ef49dca5acaf3af2aaac8
phase2f_lstm_dev_9352da6b4340,D4,LSTM_63,63,AAPL,2718,27,0.018095918849640038,9066a2d675ad5cf4f47319dbb07d08ffbfa17d011fc5c7fefbca89df021a5ce3
phase2f_lstm_dev_9352da6b4340,D4,LSTM_63,63,AAPL,31415,22,0.017661979504733624,6169ef967dbf202f7a264fdd1cdd86c3f54daefa49e526a95f8c2b4d66ac63e2
phase2f_lstm_dev_9352da6b4340,D4,LSTM_63,63,GOOGL,1729,16,0.019253605310791226,02c6b4d1fb1a0c3da7dc8ef51dac35089728bd9a18b7b4af9f6c024ea74f5324
phase2f_lstm_dev_9352da6b4340,D4,LSTM_63,63,GOOGL,2718,28,0.019098722452921161,ece49c03358859cc1d6bd0c3725e53f7463f21bdc03ef4b1ed21d184af89c581
phase2f_lstm_dev_9352da6b4340,D4,LSTM_63,63,GOOGL,31415,18,0.019541889476168722,540540e18e41cc4de97c7c56be64d7480d777f43d136679e68a14f2d4cb398b0
phase2f_lstm_dev_9352da6b4340,D4,LSTM_63,63,MSFT,1729,26,0.018061771827406228,bbf9567d5471c885bf8663504f45911117bce4209397ed8a34810a382311f127
phase2f_lstm_dev_9352da6b4340,D4,LSTM_63,63,MSFT,2718,20,0.018702813387007557,30b32004afb0194643deec6eb788640460a40998afd48fb558f84b69cecec4b0
phase2f_lstm_dev_9352da6b4340,D4,LSTM_63,63,MSFT,31415,20,0.018367924753414647,fc62ef4dda10ea743342db3eaad6b09fc823ef074a3917e9bfa45da2aca2529a
phase2f_lstm_dev_9352da6b4340,D4,LSTM_63,63,NVDA,1729,17,0.03223279529658496,f620cfda243a26fa005b0b4baddedf4a2d80a11b87083d257b28720d7be77788
phase2f_lstm_dev_9352da6b4340,D4,LSTM_63,63,NVDA,2718,7,0.032585354765861593,8ab5e38d9c17c95544ff9f8e1ff9e813f23f166613c5ee1743795becb9e8cbf7
phase2f_lstm_dev_9352da6b4340,D4,LSTM_63,63,NVDA,31415,15,0.032639887829087867,e59db1143d459c8e3ffcb8e04dfd836c63889734c0a53854c9a087c75c0def2c
phase2f_lstm_dev_9352da6b4340,D5,LSTM_21,21,AAPL,1729,21,0.0097722159862314584,4f52cce18608e85110df55eedf0a1c3fc91dda10dc27e6aa28f31f12d080e5a5
phase2f_lstm_dev_9352da6b4340,D5,LSTM_21,21,AAPL,2718,23,0.0098294071050622732,03c031f59e5b65f6b028d11f0012fae4176c71628f37907f93aa3866bfb76b66
phase2f_lstm_dev_9352da6b4340,D5,LSTM_21,21,AAPL,31415,23,0.010014865607328829,ea208ed90eae5c8c58c13f6e2f65c4b632814c17fbb9f7b0f2bc41de069c7983
phase2f_lstm_dev_9352da6b4340,D5,LSTM_21,21,GOOGL,1729,42,0.013693392350425711,4f1a0bcdfb5a2f434f8842ef7b7a4a72dede14a58c4ff6e21dc29933a810bb48
phase2f_lstm_dev_9352da6b4340,D5,LSTM_21,21,GOOGL,2718,21,0.013678448487160495,50affb07c43d8141a60c4e9f57d80f604469e05840e776715a3c25439b3a0ee2
phase2f_lstm_dev_9352da6b4340,D5,LSTM_21,21,GOOGL,31415,33,0.013644919088779716,7fcd949292b6bac10013c3093ce74a885d661439084d8d8769afb2aafb04301d
phase2f_lstm_dev_9352da6b4340,D5,LSTM_21,21,MSFT,1729,24,0.012052413109740883,17810f6f724982990b539aa53fbb9af551666f9118a1b4a69dccc82935646d9e
phase2f_lstm_dev_9352da6b4340,D5,LSTM_21,21,MSFT,2718,26,0.012065669667725161,6248150fc50ab0c9a55b7d37b7a9f6cea9c1f26b178104a09ca5f308e60774f5
phase2f_lstm_dev_9352da6b4340,D5,LSTM_21,21,MSFT,31415,18,0.012170209592040919,151a73b853f7eba738de351b86175e14a3bab510cd9a8e66ed88e59ebb6aa457
phase2f_lstm_dev_9352da6b4340,D5,LSTM_21,21,NVDA,1729,12,0.021166688014622195,f8a3cd5ec5be77448935fdeb0b7f0ac0b35b2dfdb4d321b7892c2063613c5b4b
phase2f_lstm_dev_9352da6b4340,D5,LSTM_21,21,NVDA,2718,25,0.021084073652615189,d525c1fac130efdef4cd0424606a32eb27cd8d8928d668249e3e56b4b1bc8c56
phase2f_lstm_dev_9352da6b4340,D5,LSTM_21,21,NVDA,31415,13,0.021060608082552789,78ba0857d9e0d1e682812ee3ec3a62a6fb54695c8f4d46983c8435d3d92aadcf
